synthetic_id,class,stage,concentration_uM,duration_s,replicate_1_early_disp_30s,replicate_2_early_disp_30s,biomarker_replicate_status,early_displacement_30s,true_endpoint_delta_f,success_or_fail,intentionally_divergent
SYN_PROBE_CLEAN_PCA3_TARGET_0000_FORCED_DIVERGENT,CLEAN_PCA3_TARGET,probe,10.0,187.0696735700911,-33.42619452243824,-0.0031772285689655,DIVERGENT_REPLICATES,,-39.95787680232262,SUCCESS,True
SYN_PROBE_CLEAN_PCA3_TARGET_0001_FORCED_DIVERGENT,CLEAN_PCA3_TARGET,probe,10.0,84.42337110588122,-92.37134758917404,-0.0282949240143035,DIVERGENT_REPLICATES,,-83.72474032231906,SUCCESS,True
SYN_PROBE_CLEAN_PCA3_TARGET_0002,CLEAN_PCA3_TARGET,probe,0.5,146.32023683744276,-42.75869352737909,-47.142058038267066,CONCORDANT,-44.95037578282308,-44.45906302606503,SUCCESS,False
SYN_PROBE_CLEAN_PCA3_TARGET_0003,CLEAN_PCA3_TARGET,probe,20.0,167.7645598932982,-97.56001958045468,-98.65394390759684,CONCORDANT,-98.10698174402576,-101.38879930634172,SUCCESS,False
SYN_PROBE_CLEAN_PCA3_TARGET_0004,CLEAN_PCA3_TARGET,probe,10.0,91.68005804030048,-78.24310477188116,-81.34783414267912,CONCORDANT,-79.79546945728015,-79.42690874453905,SUCCESS,False
SYN_PROBE_CLEAN_PCA3_TARGET_0005,CLEAN_PCA3_TARGET,probe,40.0,231.2146951683528,-107.55983764245566,-103.61164717106472,CONCORDANT,-105.5857424067602,-105.776717696321,SUCCESS,False
SYN_PROBE_CLEAN_PCA3_TARGET_0006,CLEAN_PCA3_TARGET,probe,5.0,184.1819274934612,-26.80660560561463,-29.94461703709015,CONCORDANT,-28.37561132135239,-30.587971063223208,SUCCESS,False
SYN_PROBE_CLEAN_PCA3_TARGET_0007,CLEAN_PCA3_TARGET,probe,10.0,157.74586615628837,-14.139832460524406,-12.127402963069244,CONCORDANT,-13.133617711796823,-16.46798950036636,SUCCESS,False
SYN_PROBE_CLEAN_PCA3_TARGET_0008,CLEAN_PCA3_TARGET,probe,10.0,85.75261336574708,-49.83021076041705,-48.62921279218976,CONCORDANT,-49.22971177630341,-49.260843147563904,SUCCESS,False
SYN_PROBE_CLEAN_PCA3_TARGET_0009,CLEAN_PCA3_TARGET,probe,10.0,154.76461737028632,-84.88017778495534,-85.03735353599026,CONCORDANT,-84.9587656604728,-86.13101357048666,SUCCESS,False
SYN_PROBE_CLEAN_PCA3_TARGET_0010,CLEAN_PCA3_TARGET,probe,0.5,143.13126720772274,-312.9928557492794,-308.2944659522337,CONCORDANT,-310.64366085075653,-312.43953625351094,SUCCESS,False
SYN_PROBE_CLEAN_PCA3_TARGET_0011,CLEAN_PCA3_TARGET,probe,10.0,181.46093353109623,-96.50199415853646,-91.59596452142702,CONCORDANT,-94.04897933998174,-94.37626082830238,SUCCESS,False
SYN_PROBE_CLEAN_PCA3_TARGET_0012,CLEAN_PCA3_TARGET,probe,5.0,180.90263398187344,-39.92486690750182,-40.760481417091526,CONCORDANT,-40.342674162296674,-39.70071070438737,SUCCESS,False
SYN_PROBE_CLEAN_PCA3_TARGET_0013,CLEAN_PCA3_TARGET,probe,10.0,121.26583141140796,-35.09882718796213,-25.876913014248515,CONCORDANT,-30.48787010110532,-29.59404496450397,SUCCESS,False
SYN_PROBE_CLEAN_PCA3_TARGET_0014,CLEAN_PCA3_TARGET,probe,40.0,142.30485440779364,-0.7555552799006382,-0.9814820004789296,CONCORDANT,-0.8685186401897839,-1.068262999259972,SUCCESS,False
SYN_PROBE_CLEAN_PCA3_TARGET_0015,CLEAN_PCA3_TARGET,probe,40.0,200.09518669501333,-64.04129956047008,-63.27961937348714,CONCORDANT,-63.66045946697861,-65.69848908608114,SUCCESS,False
SYN_PROBE_CLEAN_PCA3_TARGET_0016,CLEAN_PCA3_TARGET,probe,10.0,91.57375325503006,-36.98673277363255,-37.62314148057438,CONCORDANT,-37.30493712710347,-35.60269925258949,SUCCESS,False
SYN_PROBE_CLEAN_PCA3_TARGET_0017,CLEAN_PCA3_TARGET,probe,10.0,64.60476732253099,-324.79849784864405,-327.85727698955174,CONCORDANT,-326.3278874190979,-326.7614367491042,SUCCESS,False
SYN_PROBE_CLEAN_PCA3_TARGET_0018,CLEAN_PCA3_TARGET,probe,1.0,157.0768072257856,-10.774787538507606,-10.37986340559974,CONCORDANT,-10.577325472053673,-14.27429200120245,SUCCESS,False
SYN_PROBE_CLEAN_PCA3_TARGET_0019,CLEAN_PCA3_TARGET,probe,20.0,180.85381975708492,-83.52527745478936,-84.91602136338274,CONCORDANT,-84.22064940908605,-81.68569116665526,SUCCESS,False
SYN_PROBE_CLEAN_PCA3_TARGET_0020,CLEAN_PCA3_TARGET,probe,5.0,55.29830407261007,-33.785769052246216,-35.5025722645334,CONCORDANT,-34.64417065838981,-36.34094186628093,SUCCESS,False
SYN_PROBE_CLEAN_PCA3_TARGET_0021,CLEAN_PCA3_TARGET,probe,10.0,199.9438182726351,-344.2770191148182,-341.979492458893,CONCORDANT,-343.1282557868556,-345.1375033655347,SUCCESS,False
SYN_PROBE_CLEAN_PCA3_TARGET_0022,CLEAN_PCA3_TARGET,probe,10.0,158.62039234894573,-36.95554044403208,-40.94804589228176,CONCORDANT,-38.951793168156925,-41.1250995479981,SUCCESS,False
SYN_PROBE_CLEAN_PCA3_TARGET_0023,CLEAN_PCA3_TARGET,probe,20.0,162.88873922546784,-103.06429319960137,-100.4422804342579,CONCORDANT,-101.75328681692964,-100.48498700237548,SUCCESS,False
SYN_PROBE_CLEAN_PCA3_TARGET_0024,CLEAN_PCA3_TARGET,probe,10.0,185.62500213350296,-1.1541944967012412,-1.373337376281364,CONCORDANT,-1.2637659364913023,-3.5895401701524747,SUCCESS,False
SYN_PROBE_CLEAN_PCA3_TARGET_0025,CLEAN_PCA3_TARGET,probe,10.0,231.0236737834791,-141.9573357416202,-138.41033027199353,CONCORDANT,-140.18383300680688,-138.8027686923308,SUCCESS,False
SYN_PROBE_CLEAN_PCA3_TARGET_0026,CLEAN_PCA3_TARGET,probe,10.0,144.77936705443702,-54.59358355933978,-55.488986665580086,CONCORDANT,-55.04128511245993,-54.918336075329215,SUCCESS,False
SYN_PROBE_CLEAN_PCA3_TARGET_0027,CLEAN_PCA3_TARGET,probe,10.0,163.44908905058173,-142.90862955724992,-142.7314128848005,CONCORDANT,-142.82002122102523,-144.66052075446265,SUCCESS,False
SYN_PROBE_CLEAN_PCA3_TARGET_0028,CLEAN_PCA3_TARGET,probe,10.0,120.91242374564747,-24.956824741483143,-26.46567999406317,CONCORDANT,-25.71125236777316,-23.377504230648828,SUCCESS,False
SYN_PROBE_CLEAN_PCA3_TARGET_0029,CLEAN_PCA3_TARGET,probe,1.0,69.50568089986149,-34.886653448864834,-43.495719696122606,CONCORDANT,-39.19118657249372,-41.24057839462148,SUCCESS,False
SYN_PROBE_CLEAN_PCA3_TARGET_0030,CLEAN_PCA3_TARGET,probe,10.0,175.5424932839712,-329.88534954630904,-330.71611262304026,CONCORDANT,-330.3007310846747,-336.8269335671,SUCCESS,False
SYN_PROBE_CLEAN_PCA3_TARGET_0031,CLEAN_PCA3_TARGET,probe,5.0,99.87973104528034,-32.7249737789685,-34.56995418263262,CONCORDANT,-33.64746398080056,-33.7921568440206,SUCCESS,False
SYN_PROBE_CLEAN_PCA3_TARGET_0032,CLEAN_PCA3_TARGET,probe,20.0,175.86184298624357,-26.047246358223653,-22.361659088666944,CONCORDANT,-24.2044527234453,-26.500561617228332,SUCCESS,False
SYN_PROBE_CLEAN_PCA3_TARGET_0033,CLEAN_PCA3_TARGET,probe,5.0,231.1388998187785,-20.231340051731134,-24.883234527268623,CONCORDANT,-22.55728728949988,-24.15628811365312,SUCCESS,False
SYN_PROBE_CLEAN_PCA3_TARGET_0034,CLEAN_PCA3_TARGET,probe,20.0,202.70395067117752,-45.964050278939965,-52.372354639268615,CONCORDANT,-49.16820245910429,-51.43989022484782,SUCCESS,False
SYN_PROBE_CLEAN_PCA3_TARGET_0035,CLEAN_PCA3_TARGET,probe,1.0,72.03917536541618,-265.45542121818704,-264.68812843909205,CONCORDANT,-265.07177482863955,-268.60000718455217,SUCCESS,False
SYN_PROBE_CLEAN_PCA3_TARGET_0036,CLEAN_PCA3_TARGET,probe,10.0,148.24502963884345,-48.963501046078406,-47.53014965954208,CONCORDANT,-48.24682535281025,-48.92180205768732,SUCCESS,False
SYN_PROBE_CLEAN_PCA3_TARGET_0037,CLEAN_PCA3_TARGET,probe,10.0,237.51376816488357,-83.61148700731705,-88.13039154344513,CONCORDANT,-85.87093927538109,-86.93013665662292,SUCCESS,False
SYN_PROBE_CLEAN_PCA3_TARGET_0038,CLEAN_PCA3_TARGET,probe,10.0,157.75348628451655,-17.809315672630493,-23.9656231088546,CONCORDANT,-20.887469390742545,-22.19313336457613,SUCCESS,False
SYN_PROBE_CLEAN_PCA3_TARGET_0039,CLEAN_PCA3_TARGET,probe,20.0,143.27936673663933,-342.13252997253744,-343.9031022668692,CONCORDANT,-343.0178161197033,-347.1607838584037,SUCCESS,False
SYN_PROBE_CLEAN_PCA3_TARGET_0040,CLEAN_PCA3_TARGET,probe,10.0,59.80042780184631,-69.85299157964454,-71.21827585455061,CONCORDANT,-70.53563371709757,-69.1978789445327,SUCCESS,False
SYN_PROBE_CLEAN_PCA3_TARGET_0041,CLEAN_PCA3_TARGET,probe,10.0,79.91398640567233,-17.845506308939157,-17.20623109130287,CONCORDANT,-17.525868700121016,-19.1933474844451,SUCCESS,False
SYN_PROBE_CLEAN_PCA3_TARGET_0042,CLEAN_PCA3_TARGET,probe,20.0,102.20002944995936,-345.1014817392239,-355.5414860826533,CONCORDANT,-350.3214839109386,-350.8381419630913,SUCCESS,False
SYN_PROBE_CLEAN_PCA3_TARGET_0043,CLEAN_PCA3_TARGET,probe,10.0,100.95947308338737,-91.112133679627,-88.8121392906235,CONCORDANT,-89.96213648512526,-92.60623984732284,SUCCESS,False
SYN_PROBE_CLEAN_PCA3_TARGET_0044,CLEAN_PCA3_TARGET,probe,40.0,176.52902987671035,-120.99537055180862,-115.43126468109573,CONCORDANT,-118.21331761645216,-119.9372891747858,SUCCESS,False
SYN_PROBE_CLEAN_PCA3_TARGET_0045,CLEAN_PCA3_TARGET,probe,0.5,220.288808269138,-28.948613411694385,-23.945755330123333,CONCORDANT,-26.447184370908857,-20.337612511646245,SUCCESS,False
SYN_PROBE_CLEAN_PCA3_TARGET_0046,CLEAN_PCA3_TARGET,probe,5.0,187.92329424611265,-77.47862276642644,-74.72974990701056,CONCORDANT,-76.1041863367185,-76.72382201000985,SUCCESS,False
SYN_PROBE_CLEAN_PCA3_TARGET_0047,CLEAN_PCA3_TARGET,probe,10.0,244.08736675214968,-46.31773870605532,-51.16323322024271,CONCORDANT,-48.74048596314901,-51.17659257434768,SUCCESS,False
SYN_PROBE_CLEAN_PCA3_TARGET_0048,CLEAN_PCA3_TARGET,probe,10.0,199.1628201095224,-328.3456373156924,-324.1983272157209,CONCORDANT,-326.27198226570664,-324.4453251399754,SUCCESS,False
SYN_PROBE_CLEAN_PCA3_TARGET_0049,CLEAN_PCA3_TARGET,probe,10.0,120.1565698113921,0.6106092395053383,2.8180765502061096,DIVERGENT_REPLICATES,,-1.0905725472370196,SUCCESS,False
SYN_PROBE_CLEAN_PCA3_TARGET_0050,CLEAN_PCA3_TARGET,probe,10.0,160.35414527089873,-56.87869051694432,-54.430084964047616,CONCORDANT,-55.65438774049596,-56.36709937085215,SUCCESS,False
SYN_PROBE_CLEAN_PCA3_TARGET_0051,CLEAN_PCA3_TARGET,probe,1.0,129.16720533734258,-288.34794891929704,-290.66842687337106,CONCORDANT,-289.50818789633405,-294.40312289865466,SUCCESS,False
SYN_PROBE_CLEAN_PCA3_TARGET_0052,CLEAN_PCA3_TARGET,probe,5.0,96.10994377556815,-268.81707696000694,-272.4608956428021,CONCORDANT,-270.63898630140454,-269.12858163520536,SUCCESS,False
SYN_PROBE_CLEAN_PCA3_TARGET_0053,CLEAN_PCA3_TARGET,probe,40.0,206.59591398446372,-42.46945638068782,-36.22105854329504,CONCORDANT,-39.34525746199142,-38.84112757896209,SUCCESS,False
SYN_PROBE_CLEAN_PCA3_TARGET_0054,CLEAN_PCA3_TARGET,probe,10.0,190.37731429371155,-371.2383899400271,-374.2995142663476,CONCORDANT,-372.7689521031873,-372.9338240098609,SUCCESS,False
SYN_PROBE_CLEAN_PCA3_TARGET_0055,CLEAN_PCA3_TARGET,probe,0.5,113.1928100328079,-60.63131642565973,-58.241427810191,CONCORDANT,-59.436372117925366,-60.81256218630415,SUCCESS,False
SYN_PROBE_CLEAN_PCA3_TARGET_0056,CLEAN_PCA3_TARGET,probe,5.0,190.50124591301304,-21.456236143212653,-21.421946787555505,CONCORDANT,-21.43909146538408,-22.66568726800039,SUCCESS,False
SYN_PROBE_CLEAN_PCA3_TARGET_0057,CLEAN_PCA3_TARGET,probe,10.0,100.0695494127035,-16.99737164378437,-11.963427535411263,CONCORDANT,-14.480399589597816,-14.525619544352448,SUCCESS,False
SYN_PROBE_CLEAN_PCA3_TARGET_0058,CLEAN_PCA3_TARGET,probe,10.0,60.724767796560215,-38.63592747579472,-39.85817097060296,CONCORDANT,-39.24704922319884,-40.75198799034611,SUCCESS,False
SYN_PROBE_CLEAN_PCA3_TARGET_0059,CLEAN_PCA3_TARGET,probe,5.0,219.49294136359893,-281.54373325743705,-286.5625204716646,CONCORDANT,-284.0531268645508,-288.6326280369632,SUCCESS,False
SYN_PROBE_CLEAN_PCA3_TARGET_0060,CLEAN_PCA3_TARGET,probe,10.0,242.57385690419315,-334.64681767984683,-332.2851579461086,CONCORDANT,-333.4659878129777,-333.85840586854204,SUCCESS,False
SYN_PROBE_CLEAN_PCA3_TARGET_0061,CLEAN_PCA3_TARGET,probe,5.0,228.90630348266956,-314.19000717241704,-320.59790224321733,CONCORDANT,-317.3939547078172,-316.0185570257649,SUCCESS,False
SYN_PROBE_CLEAN_PCA3_TARGET_0062,CLEAN_PCA3_TARGET,probe,40.0,153.57432550991885,-73.45324049366083,-74.62342418764452,CONCORDANT,-74.03833234065267,-74.67977773705343,SUCCESS,False
SYN_PROBE_CLEAN_PCA3_TARGET_0063,CLEAN_PCA3_TARGET,probe,10.0,113.76474235287844,-95.69524981929072,-100.03461665397326,CONCORDANT,-97.864933236632,-104.66128330060216,SUCCESS,False
SYN_PROBE_CLEAN_PCA3_TARGET_0064,CLEAN_PCA3_TARGET,probe,5.0,201.1714549723777,-68.67794419724454,-70.45266498276945,CONCORDANT,-69.565304590007,-70.10396469339798,SUCCESS,False
SYN_PROBE_CLEAN_PCA3_TARGET_0065,CLEAN_PCA3_TARGET,probe,40.0,106.3855759116832,-47.98408497459386,-46.66246599682739,CONCORDANT,-47.323275485710624,-45.352258276661175,SUCCESS,False
SYN_PROBE_CLEAN_PCA3_TARGET_0066,CLEAN_PCA3_TARGET,probe,10.0,132.18646280773848,-11.03995829387354,-14.587000596305783,CONCORDANT,-12.813479445089662,-14.406222641879586,SUCCESS,False
SYN_PROBE_CLEAN_PCA3_TARGET_0067,CLEAN_PCA3_TARGET,probe,10.0,138.9055127185103,-111.09073369748728,-117.53162298154172,CONCORDANT,-114.3111783395145,-114.77717912414886,SUCCESS,False
SYN_PROBE_CLEAN_PCA3_TARGET_0068,CLEAN_PCA3_TARGET,probe,10.0,181.92575231318648,-60.95260534747213,-59.49440617272737,CONCORDANT,-60.22350576009976,-57.295596896014345,SUCCESS,False
SYN_PROBE_CLEAN_PCA3_TARGET_0069,CLEAN_PCA3_TARGET,probe,5.0,67.57453832513603,-54.728594800211326,-48.99085199291349,CONCORDANT,-51.85972339656241,-50.17249407913204,SUCCESS,False
SYN_PROBE_CLEAN_PCA3_TARGET_0070,CLEAN_PCA3_TARGET,probe,10.0,153.38320653906516,-63.68930223974874,-59.94516896009431,CONCORDANT,-61.81723559992152,-61.06183359222407,SUCCESS,False
SYN_PROBE_CLEAN_PCA3_TARGET_0071,CLEAN_PCA3_TARGET,probe,1.0,112.79189215645091,-2.673136707391661,-3.010015371072728,CONCORDANT,-2.8415760392321947,-3.8122045239154136,SUCCESS,False
SYN_PROBE_CLEAN_PCA3_TARGET_0072,CLEAN_PCA3_TARGET,probe,10.0,162.58649388638156,-31.5603225622489,-23.583467264217035,CONCORDANT,-27.571894913232967,-28.784311607976623,SUCCESS,False
SYN_PROBE_CLEAN_PCA3_TARGET_0073,CLEAN_PCA3_TARGET,probe,10.0,183.3588064202877,-89.50091917727708,-94.50958584006072,CONCORDANT,-92.0052525086689,-98.61443765468194,SUCCESS,False
SYN_PROBE_CLEAN_PCA3_TARGET_0074,CLEAN_PCA3_TARGET,probe,10.0,194.4339469566646,-114.1879349667817,-111.573898427461,CONCORDANT,-112.88091669712136,-116.24602083408185,SUCCESS,False
SYN_PROBE_CLEAN_PCA3_TARGET_0075,CLEAN_PCA3_TARGET,probe,5.0,107.66281474501866,-29.789033594048288,-32.61330437870515,CONCORDANT,-31.20116898637672,-31.36163530579563,SUCCESS,False
SYN_PROBE_CLEAN_PCA3_TARGET_0076,CLEAN_PCA3_TARGET,probe,10.0,183.54831584423516,-119.7556067237353,-122.3733988145442,CONCORDANT,-121.06450276913976,-124.04954185085244,SUCCESS,False
SYN_PROBE_CLEAN_PCA3_TARGET_0077,CLEAN_PCA3_TARGET,probe,10.0,158.21890130698526,-22.63377949103389,-23.55272099466185,CONCORDANT,-23.093250242847876,-23.211759100003437,SUCCESS,False
SYN_PROBE_CLEAN_PCA3_TARGET_0078,CLEAN_PCA3_TARGET,probe,10.0,188.8181872494829,-2.747200321771213,-1.5707667864989228,CONCORDANT,-2.158983554135068,-0.5222754807273857,SUCCESS,False
SYN_PROBE_CLEAN_PCA3_TARGET_0079,CLEAN_PCA3_TARGET,probe,20.0,89.95200928560105,-90.04595560514575,-94.47104271416784,CONCORDANT,-92.2584991596568,-90.94256386961472,SUCCESS,False
SYN_PROBE_CLEAN_PCA3_TARGET_0080,CLEAN_PCA3_TARGET,probe,0.5,85.42751632685881,-265.8445521434171,-258.72686758746096,CONCORDANT,-262.285709865439,-264.99903689259315,SUCCESS,False
SYN_PROBE_CLEAN_PCA3_TARGET_0081,CLEAN_PCA3_TARGET,probe,10.0,50.75805149515783,-3.4630036117205734,-4.615765991065292,CONCORDANT,-4.0393848013929325,-5.4183885529450535,SUCCESS,False
SYN_PROBE_CLEAN_PCA3_TARGET_0082,CLEAN_PCA3_TARGET,probe,10.0,109.12049069424631,-14.120758242672483,-12.946168870938042,CONCORDANT,-13.533463556805264,-9.87615482131219,SUCCESS,False
SYN_PROBE_CLEAN_PCA3_TARGET_0083,CLEAN_PCA3_TARGET,probe,0.5,166.8550717227612,-23.25594980649892,-18.659860208123213,CONCORDANT,-20.95790500731107,-18.84123489890633,SUCCESS,False
SYN_PROBE_CLEAN_PCA3_TARGET_0084,CLEAN_PCA3_TARGET,probe,10.0,149.01621805739285,-8.331780557113428,-12.416536174381768,CONCORDANT,-10.374158365747595,-9.66661083545479,SUCCESS,False
SYN_PROBE_CLEAN_PCA3_TARGET_0085,CLEAN_PCA3_TARGET,probe,10.0,230.53541039114077,-100.86808211565472,-105.99533289973586,CONCORDANT,-103.4317075076953,-106.44889986184624,SUCCESS,False
SYN_PROBE_CLEAN_PCA3_TARGET_0086,CLEAN_PCA3_TARGET,probe,40.0,156.56854336951153,-40.77744986970249,-49.10064035496267,CONCORDANT,-44.93904511233258,-43.428416685839736,SUCCESS,False
SYN_PROBE_CLEAN_PCA3_TARGET_0087,CLEAN_PCA3_TARGET,probe,5.0,212.9547291274522,-13.801660795042864,-13.604733217066174,CONCORDANT,-13.70319700605452,-11.69286027378405,SUCCESS,False
SYN_PROBE_CLEAN_PCA3_TARGET_0088,CLEAN_PCA3_TARGET,probe,40.0,184.82916663990832,-304.99147943334776,-307.1619536117229,CONCORDANT,-306.0767165225353,-304.5247216426329,SUCCESS,False
SYN_PROBE_CLEAN_PCA3_TARGET_0089,CLEAN_PCA3_TARGET,probe,10.0,50.3445424527586,-62.25004134528785,-62.69889930698461,CONCORDANT,-62.47447032613623,-66.24187884833871,SUCCESS,False
SYN_PROBE_CLEAN_PCA3_TARGET_0090,CLEAN_PCA3_TARGET,probe,5.0,133.60835849308208,-90.23303202950468,-90.15841716763234,CONCORDANT,-90.1957245985685,-85.41275887448904,SUCCESS,False
SYN_PROBE_CLEAN_PCA3_TARGET_0091,CLEAN_PCA3_TARGET,probe,10.0,171.2197909429714,-138.46391178342083,-131.93936787549754,CONCORDANT,-135.2016398294592,-134.01087659999124,SUCCESS,False
SYN_PROBE_CLEAN_PCA3_TARGET_0092,CLEAN_PCA3_TARGET,probe,10.0,189.5257738300955,-42.36690261980952,-39.272294344327065,CONCORDANT,-40.81959848206829,-42.123395002225735,SUCCESS,False
SYN_PROBE_CLEAN_PCA3_TARGET_0093,CLEAN_PCA3_TARGET,probe,20.0,151.10519651109053,-36.32745854221263,-35.589785151007526,CONCORDANT,-35.95862184661007,-34.28154298789747,SUCCESS,False
SYN_PROBE_CLEAN_PCA3_TARGET_0094,CLEAN_PCA3_TARGET,probe,10.0,76.56411969237254,-1.4125492196680456,-4.433468980392076,DIVERGENT_REPLICATES,,-4.524254370354985,SUCCESS,False
SYN_PROBE_CLEAN_PCA3_TARGET_0095,CLEAN_PCA3_TARGET,probe,5.0,137.74643783417392,-2.270208236894357,-7.852511085818932,DIVERGENT_REPLICATES,,-8.625538668566625,SUCCESS,False
SYN_PROBE_CLEAN_PCA3_TARGET_0096,CLEAN_PCA3_TARGET,probe,40.0,199.784554100012,-20.191687640155543,-14.966684981134808,CONCORDANT,-17.579186310645177,-19.85318732820226,SUCCESS,False
SYN_PROBE_CLEAN_PCA3_TARGET_0097,CLEAN_PCA3_TARGET,probe,0.5,241.02216854899308,-44.348705697027455,-42.1260889491212,CONCORDANT,-43.23739732307433,-43.031206819328375,SUCCESS,False
SYN_PROBE_CLEAN_PCA3_TARGET_0098,CLEAN_PCA3_TARGET,probe,10.0,220.27247139072375,-54.70755614658652,-60.51700966350803,CONCORDANT,-57.61228290504727,-58.28139215399397,SUCCESS,False
SYN_PROBE_CLEAN_PCA3_TARGET_0099,CLEAN_PCA3_TARGET,probe,10.0,57.72142898360524,-37.07633869808626,-35.245080459295885,CONCORDANT,-36.16070957869107,-38.37034092037503,SUCCESS,False
SYN_PROBE_DEFECTIVE_CHIP_0000_FORCED_DIVERGENT,DEFECTIVE_CHIP,probe,10.0,223.9511959910685,14.818087196453932,0.0460960362406831,DIVERGENT_REPLICATES,,41.54209145037363,FAILURE,True
SYN_PROBE_DEFECTIVE_CHIP_0001_FORCED_DIVERGENT,DEFECTIVE_CHIP,probe,20.0,176.36186459044836,69.07902871826906,0.0540554274514509,DIVERGENT_REPLICATES,,18.279420302317483,FAILURE,True
SYN_PROBE_DEFECTIVE_CHIP_0002,DEFECTIVE_CHIP,probe,40.0,69.88705382087375,-0.7547383670360133,2.730138751646844,DIVERGENT_REPLICATES,,1.5148522367364787,FAILURE,False
SYN_PROBE_DEFECTIVE_CHIP_0003,DEFECTIVE_CHIP,probe,10.0,233.28877926951557,4.170889338977864,5.474021496898689,CONCORDANT,4.822455417938277,9.535976703909842,FAILURE,False
SYN_PROBE_DEFECTIVE_CHIP_0004,DEFECTIVE_CHIP,probe,10.0,143.27386844958278,1.6102884052045907,1.665526794217287,CONCORDANT,1.637907599710939,3.353812440206231,FAILURE,False
SYN_PROBE_DEFECTIVE_CHIP_0005,DEFECTIVE_CHIP,probe,5.0,91.82045019863548,1.8298893227289184,0.8125458583769696,DIVERGENT_REPLICATES,,1.8169721782701669,FAILURE,False
SYN_PROBE_DEFECTIVE_CHIP_0006,DEFECTIVE_CHIP,probe,20.0,159.61692760631135,6.815623495301376,6.653604272583908,CONCORDANT,6.734613883942642,9.184241173957284,FAILURE,False
SYN_PROBE_DEFECTIVE_CHIP_0007,DEFECTIVE_CHIP,probe,10.0,143.9137431653656,2.353199399066652,8.040700316674295,DIVERGENT_REPLICATES,,8.91973276380952,FAILURE,False
SYN_PROBE_DEFECTIVE_CHIP_0008,DEFECTIVE_CHIP,probe,0.5,52.66749592344313,4.230739165443991,1.5692416722419535,DIVERGENT_REPLICATES,,2.269152740794328,FAILURE,False
SYN_PROBE_DEFECTIVE_CHIP_0009,DEFECTIVE_CHIP,probe,40.0,132.1940385319629,12.640316036463174,13.194282788020248,CONCORDANT,12.91729941224171,21.459000150071702,FAILURE,False
SYN_PROBE_DEFECTIVE_CHIP_0010,DEFECTIVE_CHIP,probe,10.0,165.5566654334434,2.5898876759315947,2.167020572017291,CONCORDANT,2.378454123974443,4.352611456555827,FAILURE,False
SYN_PROBE_DEFECTIVE_CHIP_0011,DEFECTIVE_CHIP,probe,10.0,176.94534696003208,6.496489233126626,3.235130579349339,DIVERGENT_REPLICATES,,7.741654353195308,FAILURE,False
SYN_PROBE_DEFECTIVE_CHIP_0012,DEFECTIVE_CHIP,probe,10.0,221.0426656849849,-2.718243669307393,-0.5807203179150455,DIVERGENT_REPLICATES,,1.7091655090875433,FAILURE,False
SYN_PROBE_DEFECTIVE_CHIP_0013,DEFECTIVE_CHIP,probe,40.0,158.63110750015525,5.817333089613061,9.598843900847386,CONCORDANT,7.708088495230223,11.04341547912512,FAILURE,False
SYN_PROBE_DEFECTIVE_CHIP_0014,DEFECTIVE_CHIP,probe,5.0,230.1199795532727,3.374921443621945,5.655499684854811,CONCORDANT,4.5152105642383775,4.704959296715742,FAILURE,False
SYN_PROBE_DEFECTIVE_CHIP_0015,DEFECTIVE_CHIP,probe,40.0,74.55130283389387,6.300299208054669,7.817548313729056,CONCORDANT,7.058923760891863,11.156026941033977,FAILURE,False
SYN_PROBE_DEFECTIVE_CHIP_0016,DEFECTIVE_CHIP,probe,10.0,230.77337181668733,15.430693778471744,16.796146432700088,CONCORDANT,16.113420105585917,25.081679492273533,FAILURE,False
SYN_PROBE_DEFECTIVE_CHIP_0017,DEFECTIVE_CHIP,probe,20.0,193.8863229401296,2.3022513248294665,4.961230240569798,DIVERGENT_REPLICATES,,3.690165800438649,FAILURE,False
SYN_PROBE_DEFECTIVE_CHIP_0018,DEFECTIVE_CHIP,probe,10.0,237.71694531340705,3.9866029130291234,6.770033214068348,CONCORDANT,5.378318063548735,8.83981288813102,FAILURE,False
SYN_PROBE_DEFECTIVE_CHIP_0019,DEFECTIVE_CHIP,probe,10.0,168.3412377398876,1.0892157023226663,-1.0112039163569455,DIVERGENT_REPLICATES,,0.1337728160860365,FAILURE,False
SYN_PROBE_DEFECTIVE_CHIP_0020,DEFECTIVE_CHIP,probe,10.0,151.47538550662824,1.5066812294926786,3.9978073359166153,DIVERGENT_REPLICATES,,3.150524986957183,FAILURE,False
SYN_PROBE_DEFECTIVE_CHIP_0021,DEFECTIVE_CHIP,probe,10.0,152.45051250601958,2.0254452875760736,3.5921916722506406,CONCORDANT,2.808818479913357,1.5332160888650497,FAILURE,False
SYN_PROBE_DEFECTIVE_CHIP_0022,DEFECTIVE_CHIP,probe,20.0,50.527137632576135,20.35440576161573,17.730481481583727,CONCORDANT,19.04244362159973,22.683659666755183,FAILURE,False
SYN_PROBE_DEFECTIVE_CHIP_0023,DEFECTIVE_CHIP,probe,10.0,185.2139429210616,42.99158571628757,44.22891252465671,CONCORDANT,43.61024912047214,69.42499789170787,FAILURE,False
SYN_PROBE_DEFECTIVE_CHIP_0024,DEFECTIVE_CHIP,probe,20.0,193.9287753779097,-0.2063980441387141,3.0167599171600146,DIVERGENT_REPLICATES,,4.243568448173385,FAILURE,False
SYN_PROBE_DEFECTIVE_CHIP_0025,DEFECTIVE_CHIP,probe,10.0,128.34350012705886,1.841234329207761,1.5765383269264326,CONCORDANT,1.708886328067097,1.859468104136696,FAILURE,False
SYN_PROBE_DEFECTIVE_CHIP_0026,DEFECTIVE_CHIP,probe,10.0,238.77326278620205,2.017857217039285,3.001590425848671,CONCORDANT,2.509723821443978,4.423641696857002,FAILURE,False
SYN_PROBE_DEFECTIVE_CHIP_0027,DEFECTIVE_CHIP,probe,20.0,233.303364955454,17.460935145406324,18.554286940401163,CONCORDANT,18.007611042903743,28.40134612066444,FAILURE,False
SYN_PROBE_DEFECTIVE_CHIP_0028,DEFECTIVE_CHIP,probe,10.0,166.28279107385055,68.8711417905416,66.56369993802305,CONCORDANT,67.71742086428233,105.2496919487112,FAILURE,False
SYN_PROBE_DEFECTIVE_CHIP_0029,DEFECTIVE_CHIP,probe,5.0,146.14685701544107,5.511901451131511,3.4583084333165868,CONCORDANT,4.485104942224049,5.626510454223334,FAILURE,False
SYN_PROBE_DEFECTIVE_CHIP_0030,DEFECTIVE_CHIP,probe,10.0,174.74867713269333,3.543345484679526,5.34341786109614,CONCORDANT,4.443381672887833,4.79343669797313,FAILURE,False
SYN_PROBE_DEFECTIVE_CHIP_0031,DEFECTIVE_CHIP,probe,10.0,244.97901810459035,6.2384395746148735,5.142077551794705,CONCORDANT,5.6902585632047895,6.969513238480936,FAILURE,False
SYN_PROBE_DEFECTIVE_CHIP_0032,DEFECTIVE_CHIP,probe,10.0,134.81917026651112,14.604828946144682,16.03169513572989,CONCORDANT,15.318262040937286,26.311159670559224,FAILURE,False
SYN_PROBE_DEFECTIVE_CHIP_0033,DEFECTIVE_CHIP,probe,10.0,73.07512497600557,21.376688752929944,24.38211884716812,CONCORDANT,22.879403800049037,32.889905243004165,FAILURE,False
SYN_PROBE_DEFECTIVE_CHIP_0034,DEFECTIVE_CHIP,probe,5.0,134.26254717645003,1.4736514212977885,1.1430189231514571,CONCORDANT,1.3083351722246226,0.818418673682331,FAILURE,False
SYN_PROBE_DEFECTIVE_CHIP_0035,DEFECTIVE_CHIP,probe,10.0,183.1543178511565,3.003747794925757,4.730514034301462,CONCORDANT,3.867130914613609,5.427454880681028,FAILURE,False
SYN_PROBE_DEFECTIVE_CHIP_0036,DEFECTIVE_CHIP,probe,10.0,243.3482831182402,15.95963199141694,15.13404948147545,CONCORDANT,15.546840736446196,27.943704863926776,FAILURE,False
SYN_PROBE_DEFECTIVE_CHIP_0037,DEFECTIVE_CHIP,probe,0.5,183.12295835113883,0.1881845071079826,1.5837315556127247,DIVERGENT_REPLICATES,,2.774695922923452,FAILURE,False
SYN_PROBE_DEFECTIVE_CHIP_0038,DEFECTIVE_CHIP,probe,40.0,153.85955491852386,1.039241032742296,-0.1509203490726802,DIVERGENT_REPLICATES,,0.8102766107728036,FAILURE,False
SYN_PROBE_DEFECTIVE_CHIP_0039,DEFECTIVE_CHIP,probe,10.0,188.87800772994268,16.78626394339535,16.592264348006843,CONCORDANT,16.689264145701095,28.771633421822685,FAILURE,False
SYN_PROBE_DEFECTIVE_CHIP_0040,DEFECTIVE_CHIP,probe,10.0,215.5197389399128,-0.307543976002374,2.6852516956577657,DIVERGENT_REPLICATES,,-0.0161241422083648,FAILURE,False
SYN_PROBE_DEFECTIVE_CHIP_0041,DEFECTIVE_CHIP,probe,1.0,184.1947203237193,1.458543914332035,0.487448504886622,DIVERGENT_REPLICATES,,1.239048354529058,FAILURE,False
SYN_PROBE_DEFECTIVE_CHIP_0042,DEFECTIVE_CHIP,probe,10.0,59.99817414382719,9.422813930351657,6.601748940308959,CONCORDANT,8.012281435330308,10.629148975471695,FAILURE,False
SYN_PROBE_DEFECTIVE_CHIP_0043,DEFECTIVE_CHIP,probe,10.0,78.33492525906411,1.811996534196865,0.696897426037097,DIVERGENT_REPLICATES,,-2.3197091803751864,SUCCESS,False
SYN_PROBE_DEFECTIVE_CHIP_0044,DEFECTIVE_CHIP,probe,10.0,178.26778435408204,0.1467625387901909,-0.7470084915890322,DIVERGENT_REPLICATES,,0.8104031611912977,FAILURE,False
SYN_PROBE_DEFECTIVE_CHIP_0045,DEFECTIVE_CHIP,probe,10.0,152.5328114258207,4.617484827918729,4.054946950703468,CONCORDANT,4.336215889311099,6.812425147490206,FAILURE,False
SYN_PROBE_DEFECTIVE_CHIP_0046,DEFECTIVE_CHIP,probe,5.0,226.88720540749125,12.983932312505656,13.888964369768477,CONCORDANT,13.436448341137066,22.90021831242739,FAILURE,False
SYN_PROBE_DEFECTIVE_CHIP_0047,DEFECTIVE_CHIP,probe,5.0,149.81217087046667,15.909700420594804,15.829483395979771,CONCORDANT,15.869591908287289,23.687824238971125,FAILURE,False
SYN_PROBE_DEFECTIVE_CHIP_0048,DEFECTIVE_CHIP,probe,10.0,243.91267049321883,0.829533611987417,5.360353275075217,DIVERGENT_REPLICATES,,4.100822644568117,FAILURE,False
SYN_PROBE_DEFECTIVE_CHIP_0049,DEFECTIVE_CHIP,probe,10.0,150.64502752108967,19.75053575573481,20.79466435247698,CONCORDANT,20.272600054105894,28.369341999095194,FAILURE,False
SYN_PROBE_DEFECTIVE_CHIP_0050,DEFECTIVE_CHIP,probe,5.0,152.85777299338912,20.67784873869963,16.77638008239589,CONCORDANT,18.72711441054776,27.84956014868863,FAILURE,False
SYN_PROBE_DEFECTIVE_CHIP_0051,DEFECTIVE_CHIP,probe,40.0,146.79636935029933,15.834315975450563,14.896788464058885,CONCORDANT,15.365552219754724,23.58231414301043,FAILURE,False
SYN_PROBE_DEFECTIVE_CHIP_0052,DEFECTIVE_CHIP,probe,10.0,197.0022200525806,2.7920053079689864,1.663830122537086,CONCORDANT,2.227917715253036,7.506170569567606,FAILURE,False
SYN_PROBE_DEFECTIVE_CHIP_0053,DEFECTIVE_CHIP,probe,10.0,188.43441164231072,0.4795565907486324,0.5304164885178219,CONCORDANT,0.5049865396332271,0.2454881868060824,FAILURE,False
SYN_PROBE_DEFECTIVE_CHIP_0054,DEFECTIVE_CHIP,probe,5.0,62.84544271831565,9.915896533647151,7.553003001065335,CONCORDANT,8.734449767356242,12.644144470089278,FAILURE,False
SYN_TARGET_CLEAN_PCA3_TARGET_HYB_0000_FORCED_DIVERGENT,CLEAN_PCA3_TARGET_HYB,target,10.0,151.34152063454334,84.84706747826363,0.0571848936098312,DIVERGENT_REPLICATES,,7.405509462439817,,True
SYN_TARGET_CLEAN_PCA3_TARGET_HYB_0001_FORCED_DIVERGENT,CLEAN_PCA3_TARGET_HYB,target,10.0,186.1551306461988,58.73718889825512,-0.0119586653208202,DIVERGENT_REPLICATES,,13.755568998151327,,True
SYN_TARGET_CLEAN_PCA3_TARGET_HYB_0002,CLEAN_PCA3_TARGET_HYB,target,10.0,235.54244621357725,122.49606132573308,121.6558867460905,CONCORDANT,122.0759740359118,125.10562916826086,,False
SYN_TARGET_CLEAN_PCA3_TARGET_HYB_0003,CLEAN_PCA3_TARGET_HYB,target,10.0,169.5967330654965,30.796707002140646,31.89109460777495,CONCORDANT,31.3439008049578,26.513467689159956,,False
SYN_TARGET_CLEAN_PCA3_TARGET_HYB_0004,CLEAN_PCA3_TARGET_HYB,target,10.0,81.13035179557242,3.387686902131732,5.620952613318682,CONCORDANT,4.504319757725207,3.309441772159334,,False
SYN_TARGET_CLEAN_PCA3_TARGET_HYB_0005,CLEAN_PCA3_TARGET_HYB,target,40.0,126.90575040487744,-191.59032264687917,-192.2498316184835,CONCORDANT,-191.9200771326813,-194.06834422471923,,False
SYN_TARGET_CLEAN_PCA3_TARGET_HYB_0006,CLEAN_PCA3_TARGET_HYB,target,1.0,120.96190468775082,-32.96803976155397,-26.510817796542696,CONCORDANT,-29.73942877904833,-31.86936362222772,,False
SYN_TARGET_CLEAN_PCA3_TARGET_HYB_0007,CLEAN_PCA3_TARGET_HYB,target,10.0,175.48628485618215,83.39554500165855,81.96375340146332,CONCORDANT,82.67964920156093,86.29011193850576,,False
SYN_TARGET_CLEAN_PCA3_TARGET_HYB_0008,CLEAN_PCA3_TARGET_HYB,target,10.0,184.37072527639697,115.41425760168885,117.7172085052275,CONCORDANT,116.56573305345816,118.52706652841697,,False
SYN_TARGET_CLEAN_PCA3_TARGET_HYB_0009,CLEAN_PCA3_TARGET_HYB,target,40.0,137.58438966368809,94.41482449422378,95.48082715774464,CONCORDANT,94.9478258259842,91.20537185731624,,False
SYN_TARGET_CLEAN_PCA3_TARGET_HYB_0010,CLEAN_PCA3_TARGET_HYB,target,10.0,150.58586208898737,-2.626507248179106,-2.9253759170339144,CONCORDANT,-2.77594158260651,-2.5641245674521227,,False
SYN_TARGET_CLEAN_PCA3_TARGET_HYB_0011,CLEAN_PCA3_TARGET_HYB,target,20.0,187.786303606308,68.64361795856668,66.01303391325247,CONCORDANT,67.32832593590958,70.34552432017044,,False
SYN_TARGET_CLEAN_PCA3_TARGET_HYB_0012,CLEAN_PCA3_TARGET_HYB,target,5.0,148.3269071220607,-63.53573166770979,-54.24206633318373,CONCORDANT,-58.88889900044676,-60.44993766139237,,False
SYN_TARGET_CLEAN_PCA3_TARGET_HYB_0013,CLEAN_PCA3_TARGET_HYB,target,10.0,177.92439680438082,116.99619762567104,124.31317915052983,CONCORDANT,120.65468838810044,122.16866154277707,,False
SYN_TARGET_CLEAN_PCA3_TARGET_HYB_0014,CLEAN_PCA3_TARGET_HYB,target,10.0,145.29609367293716,82.10873494962638,89.33422911599631,CONCORDANT,85.72148203281134,86.5754174313645,,False
SYN_TARGET_CLEAN_PCA3_TARGET_HYB_0015,CLEAN_PCA3_TARGET_HYB,target,20.0,106.01584041636008,64.44314665290881,67.8527103917633,CONCORDANT,66.14792852233606,63.87830107117928,,False
SYN_TARGET_CLEAN_PCA3_TARGET_HYB_0016,CLEAN_PCA3_TARGET_HYB,target,10.0,228.09428326638064,59.187681461512994,52.926685718216895,CONCORDANT,56.05718358986495,53.96973682577581,,False
SYN_TARGET_CLEAN_PCA3_TARGET_HYB_0017,CLEAN_PCA3_TARGET_HYB,target,10.0,150.74483874438033,-12.596928080113186,-6.113568760483878,DIVERGENT_REPLICATES,,-11.767644709043056,,False
SYN_TARGET_CLEAN_PCA3_TARGET_HYB_0018,CLEAN_PCA3_TARGET_HYB,target,0.5,144.21252959831403,-104.44187614876104,-101.86036072421597,CONCORDANT,-103.1511184364885,-104.08632276373982,,False
SYN_TARGET_CLEAN_PCA3_TARGET_HYB_0019,CLEAN_PCA3_TARGET_HYB,target,20.0,174.56485847157776,103.55221750266828,104.92914520940096,CONCORDANT,104.2406813560346,105.0411796280358,,False
SYN_TARGET_CLEAN_PCA3_TARGET_HYB_0020,CLEAN_PCA3_TARGET_HYB,target,5.0,197.48556823130968,-277.0102396008295,-280.22790089419664,CONCORDANT,-278.61907024751304,-275.8628805428997,,False
SYN_TARGET_CLEAN_PCA3_TARGET_HYB_0021,CLEAN_PCA3_TARGET_HYB,target,10.0,153.3171441550563,62.339829358098,59.11951681807508,CONCORDANT,60.729673088086535,61.815625487494174,,False
SYN_TARGET_CLEAN_PCA3_TARGET_HYB_0022,CLEAN_PCA3_TARGET_HYB,target,40.0,169.36220900328732,46.89424912127876,44.04912188265539,CONCORDANT,45.47168550196707,44.26907353594003,,False
SYN_TARGET_CLEAN_PCA3_TARGET_HYB_0023,CLEAN_PCA3_TARGET_HYB,target,10.0,181.44614936222257,-7.594777953301453,-8.209443404763658,CONCORDANT,-7.902110679032555,-8.559675628394732,,False
SYN_TARGET_CLEAN_PCA3_TARGET_HYB_0024,CLEAN_PCA3_TARGET_HYB,target,5.0,138.51848502446677,-79.93015391741439,-79.10873997124477,CONCORDANT,-79.51944694432959,-79.46973061631576,,False
SYN_TARGET_CLEAN_PCA3_TARGET_HYB_0025,CLEAN_PCA3_TARGET_HYB,target,10.0,97.98194116688134,19.17414608448246,20.595124485760188,CONCORDANT,19.884635285121323,14.967512106200097,,False
SYN_TARGET_CLEAN_PCA3_TARGET_HYB_0026,CLEAN_PCA3_TARGET_HYB,target,5.0,159.55199037250327,13.271852022359363,13.71935954476227,CONCORDANT,13.495605783560816,14.088596798123874,,False
SYN_TARGET_CLEAN_PCA3_TARGET_HYB_0027,CLEAN_PCA3_TARGET_HYB,target,10.0,62.040309227900224,-12.472955324246886,-8.191906702300669,CONCORDANT,-10.332431013273776,-7.116598669378009,,False
SYN_TARGET_CLEAN_PCA3_TARGET_HYB_0028,CLEAN_PCA3_TARGET_HYB,target,10.0,174.35207666770802,63.95019346486083,61.42123978561735,CONCORDANT,62.685716625239095,64.55810531150894,,False
SYN_TARGET_CLEAN_PCA3_TARGET_HYB_0029,CLEAN_PCA3_TARGET_HYB,target,10.0,197.5600012947689,45.570771171708806,48.10339617176467,CONCORDANT,46.837083671736735,46.19500833321222,,False
SYN_TARGET_CLEAN_PCA3_TARGET_HYB_0030,CLEAN_PCA3_TARGET_HYB,target,10.0,160.917507749313,106.88479484761032,111.01675667843608,CONCORDANT,108.9507757630232,115.86457748086696,,False
SYN_TARGET_CLEAN_PCA3_TARGET_HYB_0031,CLEAN_PCA3_TARGET_HYB,target,20.0,158.42506340710815,87.79434984596759,87.95061633970444,CONCORDANT,87.872483092836,91.86695479988924,,False
SYN_TARGET_CLEAN_PCA3_TARGET_HYB_0032,CLEAN_PCA3_TARGET_HYB,target,10.0,198.1588560088543,-9.72846315299941,-10.944361459628666,CONCORDANT,-10.336412306314038,-11.795157786794732,,False
SYN_TARGET_CLEAN_PCA3_TARGET_HYB_0033,CLEAN_PCA3_TARGET_HYB,target,10.0,91.0353585517802,60.20971780267219,59.68467668986421,CONCORDANT,59.9471972462682,62.48472380813906,,False
SYN_TARGET_CLEAN_PCA3_TARGET_HYB_0034,CLEAN_PCA3_TARGET_HYB,target,10.0,138.5925356576732,44.12383023134503,45.32985590541103,CONCORDANT,44.72684306837803,50.1602976048962,,False
SYN_TARGET_CLEAN_PCA3_TARGET_HYB_0035,CLEAN_PCA3_TARGET_HYB,target,5.0,161.94756442213432,5.286859204902493,9.755603673620357,CONCORDANT,7.521231439261424,5.160197890961742,,False
SYN_TARGET_CLEAN_PCA3_TARGET_HYB_0036,CLEAN_PCA3_TARGET_HYB,target,10.0,207.60023536993867,12.185413729367658,11.705663412767048,CONCORDANT,11.945538571067353,15.333457200336015,,False
SYN_TARGET_CLEAN_PCA3_TARGET_HYB_0037,CLEAN_PCA3_TARGET_HYB,target,10.0,183.761668494928,60.60844278123146,67.95715617852935,CONCORDANT,64.2827994798804,59.52557676318629,,False
SYN_TARGET_CLEAN_PCA3_TARGET_HYB_0038,CLEAN_PCA3_TARGET_HYB,target,10.0,87.70732126946407,-5.246743932630233,-3.924918362813816,CONCORDANT,-4.585831147722025,-2.274883136977516,,False
SYN_TARGET_CLEAN_PCA3_TARGET_HYB_0039,CLEAN_PCA3_TARGET_HYB,target,20.0,121.27681774104866,20.960660367644643,21.997361866505425,CONCORDANT,21.479011117075032,20.898682922737883,,False
SYN_TARGET_CLEAN_PCA3_TARGET_HYB_0040,CLEAN_PCA3_TARGET_HYB,target,10.0,235.32193942477403,14.93912389328038,13.622860483237488,CONCORDANT,14.280992188258937,11.782352105489366,,False
SYN_TARGET_CLEAN_PCA3_TARGET_HYB_0041,CLEAN_PCA3_TARGET_HYB,target,10.0,176.9368580381127,-15.397078278074074,-19.97206446662448,CONCORDANT,-17.684571372349275,-19.643037244392296,,False
SYN_TARGET_CLEAN_PCA3_TARGET_HYB_0042,CLEAN_PCA3_TARGET_HYB,target,10.0,169.53966453100838,-4.1792358470185,-5.667647019258595,CONCORDANT,-4.923441433138548,-6.312322215166208,,False
SYN_TARGET_CLEAN_PCA3_TARGET_HYB_0043,CLEAN_PCA3_TARGET_HYB,target,10.0,208.0986402038261,-9.255662672881042,-9.59168427737968,CONCORDANT,-9.42367347513036,-7.376021084046159,,False
SYN_TARGET_CLEAN_PCA3_TARGET_HYB_0044,CLEAN_PCA3_TARGET_HYB,target,10.0,190.1512463232316,62.60494815857278,61.33002315946489,CONCORDANT,61.967485659018834,59.71557057302235,,False
SYN_TARGET_CLEAN_PCA3_TARGET_HYB_0045,CLEAN_PCA3_TARGET_HYB,target,10.0,193.34469211927836,-7.427860409591209,-11.51961936981336,CONCORDANT,-9.473739889702284,-10.78123174166794,,False
SYN_TARGET_CLEAN_PCA3_TARGET_HYB_0046,CLEAN_PCA3_TARGET_HYB,target,0.5,141.65704375847054,-45.33239877482906,-48.68478645829219,CONCORDANT,-47.00859261656062,-51.76980412488149,,False
SYN_TARGET_CLEAN_PCA3_TARGET_HYB_0047,CLEAN_PCA3_TARGET_HYB,target,20.0,70.14681484165052,77.76108726939135,75.80583536734986,CONCORDANT,76.7834613183706,75.83435099306126,,False
SYN_TARGET_CLEAN_PCA3_TARGET_HYB_0048,CLEAN_PCA3_TARGET_HYB,target,10.0,134.33965448112028,10.878030152317624,9.527829080401318,CONCORDANT,10.202929616359471,11.314415796464845,,False
SYN_TARGET_CLEAN_PCA3_TARGET_HYB_0049,CLEAN_PCA3_TARGET_HYB,target,10.0,150.39511236399716,68.10274891212245,65.30686436053867,CONCORDANT,66.70480663633056,67.38051035324781,,False
SYN_TARGET_CLEAN_PCA3_TARGET_HYB_0050,CLEAN_PCA3_TARGET_HYB,target,10.0,176.55596294861354,58.68380298731751,60.22238960807076,CONCORDANT,59.45309629769413,60.14187582561095,,False
SYN_TARGET_CLEAN_PCA3_TARGET_HYB_0051,CLEAN_PCA3_TARGET_HYB,target,20.0,228.53485617753176,79.81323242284009,81.74329653285123,CONCORDANT,80.77826447784565,79.18637198568095,,False
SYN_TARGET_CLEAN_PCA3_TARGET_HYB_0052,CLEAN_PCA3_TARGET_HYB,target,5.0,203.1659158117204,-50.66746121626084,-55.08686900080897,CONCORDANT,-52.8771651085349,-55.13300422469072,,False
SYN_TARGET_CLEAN_PCA3_TARGET_HYB_0053,CLEAN_PCA3_TARGET_HYB,target,10.0,225.50175242732445,44.833526598698285,48.0762124812105,CONCORDANT,46.4548695399544,45.41930338901955,,False
SYN_TARGET_CLEAN_PCA3_TARGET_HYB_0054,CLEAN_PCA3_TARGET_HYB,target,5.0,168.0854510230859,60.72738464082781,57.358341159430616,CONCORDANT,59.04286290012921,55.49348024653349,,False
SYN_TARGET_CLEAN_PCA3_TARGET_HYB_0055,CLEAN_PCA3_TARGET_HYB,target,10.0,182.91188257092108,42.69534238244202,43.07412661031753,CONCORDANT,42.88473449637978,41.66856453946899,,False
SYN_TARGET_CLEAN_PCA3_TARGET_HYB_0056,CLEAN_PCA3_TARGET_HYB,target,5.0,175.40426357976546,-1.3617379762194433,-4.504573100073316,DIVERGENT_REPLICATES,,-3.175089411272495,,False
SYN_TARGET_CLEAN_PCA3_TARGET_HYB_0057,CLEAN_PCA3_TARGET_HYB,target,10.0,140.67757577547647,64.82568922376203,61.214226694075045,CONCORDANT,63.01995795891854,61.69158048741036,,False
SYN_TARGET_CLEAN_PCA3_TARGET_HYB_0058,CLEAN_PCA3_TARGET_HYB,target,10.0,167.23095796081532,-210.300960664742,-213.42417848232105,CONCORDANT,-211.86256957353152,-210.8332511014748,,False
SYN_TARGET_CLEAN_PCA3_TARGET_HYB_0059,CLEAN_PCA3_TARGET_HYB,target,20.0,177.47173218130004,28.42260484661578,30.258281372224364,CONCORDANT,29.34044310942007,26.709310302239924,,False
SYN_TARGET_CLEAN_PCA3_TARGET_HYB_0060,CLEAN_PCA3_TARGET_HYB,target,10.0,205.11047665688807,1.792558301432264,0.2045403970889047,DIVERGENT_REPLICATES,,2.996922274803256,,False
SYN_TARGET_CLEAN_PCA3_TARGET_HYB_0061,CLEAN_PCA3_TARGET_HYB,target,40.0,111.3645267713408,23.73422985831244,23.329233585203298,CONCORDANT,23.53173172175787,23.980650243679428,,False
SYN_TARGET_CLEAN_PCA3_TARGET_HYB_0062,CLEAN_PCA3_TARGET_HYB,target,10.0,155.53922983991606,-12.144769228813267,-14.514646843208943,CONCORDANT,-13.329708036011104,-14.098881820807003,,False
SYN_TARGET_CLEAN_PCA3_TARGET_HYB_0063,CLEAN_PCA3_TARGET_HYB,target,5.0,184.4975062304828,21.35299663472097,23.47620775190441,CONCORDANT,22.41460219331269,24.41947288400325,,False
SYN_TARGET_CLEAN_PCA3_TARGET_HYB_0064,CLEAN_PCA3_TARGET_HYB,target,10.0,68.5511242810503,43.52070434876625,49.83388458603936,CONCORDANT,46.6772944674028,44.16899263936045,,False
SYN_TARGET_CLEAN_PCA3_TARGET_HYB_0065,CLEAN_PCA3_TARGET_HYB,target,20.0,162.01125205923387,35.13798020784421,34.553228383457125,CONCORDANT,34.845604295650666,32.43054763954599,,False
SYN_TARGET_CLEAN_PCA3_TARGET_HYB_0066,CLEAN_PCA3_TARGET_HYB,target,10.0,130.6487717069515,122.98114403819436,124.24547343265404,CONCORDANT,123.6133087354242,120.98398104475282,,False
SYN_TARGET_CLEAN_PCA3_TARGET_HYB_0067,CLEAN_PCA3_TARGET_HYB,target,20.0,149.64663846333806,130.69747050938582,124.56963695589612,CONCORDANT,127.63355373264096,132.2357576568731,,False
SYN_TARGET_CLEAN_PCA3_TARGET_HYB_0068,CLEAN_PCA3_TARGET_HYB,target,10.0,141.2425319733648,54.36251827861497,54.59712178902329,CONCORDANT,54.47982003381913,52.380986126609855,,False
SYN_TARGET_CLEAN_PCA3_TARGET_HYB_0069,CLEAN_PCA3_TARGET_HYB,target,10.0,67.7365013847752,59.43227591108505,63.84245833160546,CONCORDANT,61.63736712134526,62.45877778351506,,False
SYN_TARGET_CLEAN_PCA3_TARGET_HYB_0070,CLEAN_PCA3_TARGET_HYB,target,10.0,97.67570717509231,108.99492337715408,111.68775365169712,CONCORDANT,110.3413385144256,106.07645513198624,,False
SYN_TARGET_CLEAN_PCA3_TARGET_HYB_0071,CLEAN_PCA3_TARGET_HYB,target,10.0,203.2343571524856,-12.407428649707745,-14.795989173268325,CONCORDANT,-13.601708911488032,-15.18978786924363,,False
SYN_TARGET_CLEAN_PCA3_TARGET_HYB_0072,CLEAN_PCA3_TARGET_HYB,target,10.0,119.81609666579534,114.36163582035176,116.32397640134413,CONCORDANT,115.34280611084796,115.12865068627906,,False
SYN_TARGET_CLEAN_PCA3_TARGET_HYB_0073,CLEAN_PCA3_TARGET_HYB,target,10.0,155.96006658975847,14.234906679589,18.644461352451536,CONCORDANT,16.43968401602027,21.347934265399218,,False
SYN_TARGET_CLEAN_PCA3_TARGET_HYB_0074,CLEAN_PCA3_TARGET_HYB,target,10.0,145.36670988980902,46.879793766022,45.59939651764561,CONCORDANT,46.2395951418338,44.23979414307087,,False
SYN_TARGET_CLEAN_PCA3_TARGET_HYB_0075,CLEAN_PCA3_TARGET_HYB,target,20.0,228.45487992062996,20.39088383265891,22.694100014092232,CONCORDANT,21.54249192337557,24.89557584371746,,False
SYN_TARGET_CLEAN_PCA3_TARGET_HYB_0076,CLEAN_PCA3_TARGET_HYB,target,10.0,114.49517016887864,67.54971692097506,63.406508263013535,CONCORDANT,65.47811259199429,65.43218730749382,,False
SYN_TARGET_CLEAN_PCA3_TARGET_HYB_0077,CLEAN_PCA3_TARGET_HYB,target,20.0,162.09708045192184,108.26069812882383,112.22958720757676,CONCORDANT,110.24514266820032,113.73535198366524,,False
SYN_TARGET_CLEAN_PCA3_TARGET_HYB_0078,CLEAN_PCA3_TARGET_HYB,target,1.0,138.53493258675158,-101.83382854932049,-103.4807498216979,CONCORDANT,-102.6572891855092,-100.32494573779904,,False
SYN_TARGET_CLEAN_PCA3_TARGET_HYB_0079,CLEAN_PCA3_TARGET_HYB,target,10.0,219.26671405253904,113.38972372634068,114.52526099795016,CONCORDANT,113.95749236214542,112.37379969684824,,False
SYN_TARGET_CLEAN_PCA3_TARGET_HYB_0080,CLEAN_PCA3_TARGET_HYB,target,10.0,135.84322346508063,-5.039762825513423,-2.316405578511076,DIVERGENT_REPLICATES,,-3.482370093946697,,False
SYN_TARGET_CLEAN_PCA3_TARGET_HYB_0081,CLEAN_PCA3_TARGET_HYB,target,10.0,145.60219901422755,76.91930764639736,79.9323489182543,CONCORDANT,78.42582828232582,78.34259900692216,,False
SYN_TARGET_CLEAN_PCA3_TARGET_HYB_0082,CLEAN_PCA3_TARGET_HYB,target,10.0,163.84992548083883,48.823690641769005,48.865347955182365,CONCORDANT,48.84451929847569,50.24209702683078,,False
SYN_TARGET_CLEAN_PCA3_TARGET_HYB_0083,CLEAN_PCA3_TARGET_HYB,target,10.0,179.1265282931205,67.206220511574,70.7641659497205,CONCORDANT,68.98519323064725,68.75729623068013,,False
SYN_TARGET_CLEAN_PCA3_TARGET_HYB_0084,CLEAN_PCA3_TARGET_HYB,target,40.0,166.70343780627613,30.36401815699575,32.730469852612806,CONCORDANT,31.54724400480428,30.01593996685313,,False
SYN_TARGET_CLEAN_PCA3_TARGET_HYB_0085,CLEAN_PCA3_TARGET_HYB,target,10.0,97.78440967286946,8.64758231914108,13.981105497332782,CONCORDANT,11.314343908236932,14.198519406377027,,False
SYN_TARGET_CLEAN_PCA3_TARGET_HYB_0086,CLEAN_PCA3_TARGET_HYB,target,10.0,172.64438469697788,34.33998773419526,38.162522355618606,CONCORDANT,36.25125504490693,35.52462405539491,,False
SYN_TARGET_CLEAN_PCA3_TARGET_HYB_0087,CLEAN_PCA3_TARGET_HYB,target,10.0,153.52202062777184,58.39708990615123,60.06016192814771,CONCORDANT,59.22862591714947,58.614973708883326,,False
SYN_TARGET_CLEAN_PCA3_TARGET_HYB_0088,CLEAN_PCA3_TARGET_HYB,target,10.0,92.26838267298334,-203.74705415266703,-204.85456849237107,CONCORDANT,-204.30081132251905,-207.8078044833412,,False
SYN_TARGET_CLEAN_PCA3_TARGET_HYB_0089,CLEAN_PCA3_TARGET_HYB,target,5.0,187.767104708064,20.211562352614813,25.00560780775637,CONCORDANT,22.60858508018559,20.735174964689776,,False
SYN_TARGET_CLEAN_PCA3_TARGET_HYB_0090,CLEAN_PCA3_TARGET_HYB,target,10.0,177.06732326591973,59.3323833020403,58.19873458634755,CONCORDANT,58.76555894419393,59.14563735097629,,False
SYN_TARGET_CLEAN_PCA3_TARGET_HYB_0091,CLEAN_PCA3_TARGET_HYB,target,10.0,105.93081662439371,46.95521846595903,44.44556511708152,CONCORDANT,45.70039179152028,44.6826295331873,,False
SYN_TARGET_CLEAN_PCA3_TARGET_HYB_0092,CLEAN_PCA3_TARGET_HYB,target,40.0,207.63167503635748,29.221877127203875,25.273991013284967,CONCORDANT,27.24793407024442,26.81392139069925,,False
SYN_TARGET_CLEAN_PCA3_TARGET_HYB_0093,CLEAN_PCA3_TARGET_HYB,target,1.0,148.0002131673049,-4.605580238681203,-0.6196557399786928,DIVERGENT_REPLICATES,,-3.63940403371845,,False
SYN_TARGET_CLEAN_PCA3_TARGET_HYB_0094,CLEAN_PCA3_TARGET_HYB,target,10.0,148.44724967594885,120.53634403068229,111.13689730166236,CONCORDANT,115.83662066617232,116.50093794801424,,False
SYN_TARGET_CLEAN_PCA3_TARGET_HYB_0095,CLEAN_PCA3_TARGET_HYB,target,10.0,168.43658860512994,64.2804129221501,68.51771019770963,CONCORDANT,66.39906155992986,67.18250474090124,,False
SYN_TARGET_CLEAN_PCA3_TARGET_HYB_0096,CLEAN_PCA3_TARGET_HYB,target,10.0,115.51068481277156,-6.290942261951517,-2.0470428366520963,DIVERGENT_REPLICATES,,-4.124795993018559,,False
SYN_TARGET_CLEAN_PCA3_TARGET_HYB_0097,CLEAN_PCA3_TARGET_HYB,target,10.0,179.5730652626624,-14.95280888354428,-18.821601669357072,CONCORDANT,-16.887205276450675,-16.567583808824942,,False
SYN_TARGET_CLEAN_PCA3_TARGET_HYB_0098,CLEAN_PCA3_TARGET_HYB,target,10.0,181.691950852815,58.27687078694471,52.646645337906655,CONCORDANT,55.46175806242569,54.84433667053429,,False
SYN_TARGET_CLEAN_PCA3_TARGET_HYB_0099,CLEAN_PCA3_TARGET_HYB,target,10.0,244.85608456870867,59.27238483779959,58.15220743885194,CONCORDANT,58.71229613832576,62.03654039408164,,False
SYN_TARGET_BACKGROUND_SOUP_0000_FORCED_DIVERGENT,BACKGROUND_SOUP,target,10.0,154.34387693552648,15.047939622127112,-0.1075178500330069,DIVERGENT_REPLICATES,,-20.693521868301875,,True
SYN_TARGET_BACKGROUND_SOUP_0001_FORCED_DIVERGENT,BACKGROUND_SOUP,target,10.0,139.18562318010962,7.280095251455977,-0.0616979209970055,DIVERGENT_REPLICATES,,43.660234751242136,,True
SYN_TARGET_BACKGROUND_SOUP_0002,BACKGROUND_SOUP,target,5.0,149.288575890833,13.491291564051515,11.904703017052611,CONCORDANT,12.697997290552063,19.2403606429356,,False
SYN_TARGET_BACKGROUND_SOUP_0003,BACKGROUND_SOUP,target,10.0,68.91920045364276,13.8350993309271,16.196703290426335,CONCORDANT,15.015901310676718,25.728628263066348,,False
SYN_TARGET_BACKGROUND_SOUP_0004,BACKGROUND_SOUP,target,0.5,108.70407106250978,10.723637906122695,14.685721168861551,CONCORDANT,12.704679537492124,18.178549465346364,,False
SYN_TARGET_BACKGROUND_SOUP_0005,BACKGROUND_SOUP,target,5.0,176.62241310648847,0.3273313480228752,2.3246368108039834,DIVERGENT_REPLICATES,,2.2935553396061104,,False
SYN_TARGET_BACKGROUND_SOUP_0006,BACKGROUND_SOUP,target,10.0,231.5441914062218,-4.2856408507348345,-2.948334604099179,CONCORDANT,-3.616987727417007,-7.562184079837298,,False
SYN_TARGET_BACKGROUND_SOUP_0007,BACKGROUND_SOUP,target,10.0,178.3324953158027,1.4071342597020782,3.99903789434102,DIVERGENT_REPLICATES,,2.3570742879113977,,False
SYN_TARGET_BACKGROUND_SOUP_0008,BACKGROUND_SOUP,target,1.0,168.63590747897692,9.15519175513791,9.686529662982185,CONCORDANT,9.420860709060047,12.644582218983226,,False
SYN_TARGET_BACKGROUND_SOUP_0009,BACKGROUND_SOUP,target,40.0,120.63008707881217,15.673433093985402,17.437638241343116,CONCORDANT,16.55553566766426,23.83328373183136,,False
SYN_TARGET_BACKGROUND_SOUP_0010,BACKGROUND_SOUP,target,10.0,204.4647633079806,13.709817614158135,13.504828792770434,CONCORDANT,13.607323203464285,24.628853853621383,,False
SYN_TARGET_BACKGROUND_SOUP_0011,BACKGROUND_SOUP,target,10.0,226.84682556255555,17.725975736786868,17.52170861365373,CONCORDANT,17.623842175220297,28.239704451404915,,False
SYN_TARGET_BACKGROUND_SOUP_0012,BACKGROUND_SOUP,target,5.0,214.37908499385856,14.439190538019004,14.293369312523817,CONCORDANT,14.36627992527141,22.64949077432142,,False
SYN_TARGET_BACKGROUND_SOUP_0013,BACKGROUND_SOUP,target,10.0,235.2984838297539,14.324798162437318,15.172298634015688,CONCORDANT,14.748548398226504,23.2449100915627,,False
SYN_TARGET_BACKGROUND_SOUP_0014,BACKGROUND_SOUP,target,10.0,67.59040676417993,17.285215143061272,13.546293742216452,CONCORDANT,15.415754442638862,19.148208313360367,,False
SYN_TARGET_BACKGROUND_SOUP_0015,BACKGROUND_SOUP,target,10.0,165.64316512317032,13.167989737917411,14.01185600040413,CONCORDANT,13.589922869160771,22.02958941627805,,False
SYN_TARGET_BACKGROUND_SOUP_0016,BACKGROUND_SOUP,target,40.0,141.7295492124564,14.004341674071888,15.636527027064355,CONCORDANT,14.820434350568124,24.60829036001647,,False
SYN_TARGET_BACKGROUND_SOUP_0017,BACKGROUND_SOUP,target,10.0,178.43604078916132,17.251475361620553,16.57730563004646,CONCORDANT,16.91439049583351,24.211278168253354,,False
SYN_TARGET_BACKGROUND_SOUP_0018,BACKGROUND_SOUP,target,20.0,232.4084063767263,2.6128001185675904,3.2687128009074087,CONCORDANT,2.9407564597375,5.285759095297695,,False
SYN_TARGET_BACKGROUND_SOUP_0019,BACKGROUND_SOUP,target,10.0,164.31691343717404,11.280576658275232,12.537969663375716,CONCORDANT,11.909273160825474,21.446050142967334,,False
SYN_TARGET_BACKGROUND_SOUP_0020,BACKGROUND_SOUP,target,40.0,218.44453016687257,3.4340427399977576,4.948103311881617,CONCORDANT,4.191073025939687,6.988600517777654,,False
SYN_TARGET_BACKGROUND_SOUP_0021,BACKGROUND_SOUP,target,10.0,148.9909828169131,2.9821724155558145,1.0130877040842847,DIVERGENT_REPLICATES,,1.354338763169972,,False
SYN_TARGET_BACKGROUND_SOUP_0022,BACKGROUND_SOUP,target,10.0,215.6086439042188,-0.7980766382713855,0.383836658248312,DIVERGENT_REPLICATES,,0.3149717617600313,,False
SYN_TARGET_BACKGROUND_SOUP_0023,BACKGROUND_SOUP,target,10.0,136.89900884969333,12.739320916992265,12.961435607340889,CONCORDANT,12.850378262166576,16.80404430551523,,False
SYN_TARGET_BACKGROUND_SOUP_0024,BACKGROUND_SOUP,target,10.0,227.41198116021195,2.597255353331959,0.034951034317017,DIVERGENT_REPLICATES,,2.333242783082786,,False
SYN_TARGET_BACKGROUND_SOUP_0025,BACKGROUND_SOUP,target,5.0,135.55526177253802,13.704639745447844,13.63721603931029,CONCORDANT,13.670927892379067,24.2779555034993,,False
SYN_TARGET_BACKGROUND_SOUP_0026,BACKGROUND_SOUP,target,10.0,120.22527357287731,-1.7681736649150417,1.8534995004500876,DIVERGENT_REPLICATES,,0.1525923319807429,,False
SYN_TARGET_BACKGROUND_SOUP_0027,BACKGROUND_SOUP,target,5.0,184.54301825878863,13.621297472463445,14.904380859275769,CONCORDANT,14.262839165869606,21.99854054095303,,False
SYN_TARGET_BACKGROUND_SOUP_0028,BACKGROUND_SOUP,target,20.0,75.78374393601331,15.92548933692661,15.768154431750885,CONCORDANT,15.846821884338748,23.505716771444625,,False
SYN_TARGET_BACKGROUND_SOUP_0029,BACKGROUND_SOUP,target,10.0,81.23337438827738,14.429217775717223,13.980551135585028,CONCORDANT,14.204884455651126,21.61643006445911,,False
SYN_TARGET_BACKGROUND_SOUP_0030,BACKGROUND_SOUP,target,40.0,167.2210843274004,14.118635061513231,15.27854329157216,CONCORDANT,14.698589176542695,24.29531307184817,,False
SYN_TARGET_BACKGROUND_SOUP_0031,BACKGROUND_SOUP,target,10.0,150.31808737799406,1.1312366616172391,0.6764278037847704,CONCORDANT,0.9038322327010048,-0.525544031058613,,False
SYN_TARGET_BACKGROUND_SOUP_0032,BACKGROUND_SOUP,target,10.0,165.14495272406262,16.84031436406154,16.09034591077903,CONCORDANT,16.465330137420285,24.10269892363129,,False
SYN_TARGET_BACKGROUND_SOUP_0033,BACKGROUND_SOUP,target,10.0,166.27283149861373,0.2424130303385127,2.317676502090003,DIVERGENT_REPLICATES,,2.092978269209727,,False
SYN_TARGET_BACKGROUND_SOUP_0034,BACKGROUND_SOUP,target,10.0,172.4593118181244,15.24830956485464,15.305020703052318,CONCORDANT,15.27666513395348,23.191656012695383,,False
SYN_TARGET_BACKGROUND_SOUP_0035,BACKGROUND_SOUP,target,10.0,145.9933380759566,1.515376666100659,7.21976883389022,DIVERGENT_REPLICATES,,7.421013108858458,,False
SYN_TARGET_BACKGROUND_SOUP_0036,BACKGROUND_SOUP,target,10.0,82.06314231843413,18.355614547750427,16.239597664551074,CONCORDANT,17.297606106150752,24.1859573571205,,False
SYN_TARGET_BACKGROUND_SOUP_0037,BACKGROUND_SOUP,target,10.0,108.7335284535874,2.2955646805413594,-2.307434888697338,DIVERGENT_REPLICATES,,-0.3699209721772953,,False
SYN_TARGET_BACKGROUND_SOUP_0038,BACKGROUND_SOUP,target,40.0,78.04920842647414,14.854139148211331,14.41101702238801,CONCORDANT,14.63257808529967,20.321498714718373,,False
SYN_TARGET_BACKGROUND_SOUP_0039,BACKGROUND_SOUP,target,5.0,158.80459595805763,17.989185316219828,13.523850871182816,CONCORDANT,15.756518093701322,22.487309910732144,,False
SYN_TARGET_BACKGROUND_SOUP_0040,BACKGROUND_SOUP,target,10.0,170.34715946105655,4.833614270985246,4.554403340676017,CONCORDANT,4.694008805830631,6.81487213790211,,False
SYN_TARGET_BACKGROUND_SOUP_0041,BACKGROUND_SOUP,target,10.0,78.66258699337529,-6.812101106843836,-3.785009252638417,CONCORDANT,-5.298555179741126,-4.882588128018399,,False
SYN_TARGET_BACKGROUND_SOUP_0042,BACKGROUND_SOUP,target,10.0,156.73038291112877,2.9418378604889823,1.5007725822006366,CONCORDANT,2.221305221344809,0.3026503497918805,,False
SYN_TARGET_BACKGROUND_SOUP_0043,BACKGROUND_SOUP,target,40.0,199.7636356237394,13.793494548690136,10.217810570259417,CONCORDANT,12.005652559474775,18.29355715765677,,False
SYN_TARGET_BACKGROUND_SOUP_0044,BACKGROUND_SOUP,target,10.0,184.88683183889103,5.99400296432275,1.1703080214983732,DIVERGENT_REPLICATES,,3.6006641133446298,,False
SYN_TARGET_BACKGROUND_SOUP_0045,BACKGROUND_SOUP,target,10.0,119.26077203157644,11.299112005539284,9.771621641918394,CONCORDANT,10.53536682372884,19.930377962675752,,False
SYN_TARGET_BACKGROUND_SOUP_0046,BACKGROUND_SOUP,target,10.0,155.81065132481385,13.954736424455623,11.389583710591191,CONCORDANT,12.672160067523407,21.08658004071301,,False
SYN_TARGET_BACKGROUND_SOUP_0047,BACKGROUND_SOUP,target,0.5,57.18165450930056,-2.6964723442366614,-0.9447411190014038,DIVERGENT_REPLICATES,,-5.18389603780442,,False
SYN_TARGET_BACKGROUND_SOUP_0048,BACKGROUND_SOUP,target,10.0,153.44558925635542,13.920446291092375,11.951011017056556,CONCORDANT,12.935728654074468,21.69755411943983,,False
SYN_TARGET_BACKGROUND_SOUP_0049,BACKGROUND_SOUP,target,10.0,102.6136388461319,-0.3179544536060242,0.4520455710553104,DIVERGENT_REPLICATES,,1.4087668468356074,,False
SYN_TARGET_BACKGROUND_SOUP_0050,BACKGROUND_SOUP,target,5.0,106.76203837812656,17.023073280578554,16.22773421396065,CONCORDANT,16.6254037472696,25.662281685599822,,False
SYN_TARGET_BACKGROUND_SOUP_0051,BACKGROUND_SOUP,target,20.0,91.38904260515469,18.21146150675957,20.39527967722862,CONCORDANT,19.30337059199409,29.378092860526905,,False
SYN_TARGET_BACKGROUND_SOUP_0052,BACKGROUND_SOUP,target,10.0,155.388685383192,13.390709466159391,10.343077224487129,CONCORDANT,11.86689334532326,23.138408240503612,,False
SYN_TARGET_BACKGROUND_SOUP_0053,BACKGROUND_SOUP,target,10.0,206.07183313527892,3.6609125905122335,4.202669706077417,CONCORDANT,3.931791148294825,7.348800662549498,,False
SYN_TARGET_BACKGROUND_SOUP_0054,BACKGROUND_SOUP,target,10.0,160.7895580147995,15.269261207145233,12.255944736825697,CONCORDANT,13.762602971985466,22.8697036508677,,False
