synthetic_id,class,stage,concentration_uM,duration_s,replicate_1_early_disp_30s,replicate_2_early_disp_30s,biomarker_replicate_status,early_displacement_30s,true_endpoint_delta_f,intentionally_divergent
SYN_TARGET_CLEAN_PCA3_TARGET_HYB_0000_FORCED_DIVERGENT,CLEAN_PCA3_TARGET_HYB,target,10.0,151.34152063454334,84.84706747826363,0.05718489360983124,DIVERGENT_REPLICATES,,7.405509462439817,True
SYN_TARGET_CLEAN_PCA3_TARGET_HYB_0001_FORCED_DIVERGENT,CLEAN_PCA3_TARGET_HYB,target,10.0,186.15513064619876,58.73718889825512,-0.011958665320820218,DIVERGENT_REPLICATES,,13.755568998151329,True
SYN_TARGET_CLEAN_PCA3_TARGET_HYB_0002,CLEAN_PCA3_TARGET_HYB,target,10.0,235.54244621357725,122.49606132573308,121.6558867460905,CONCORDANT,122.0759740359118,125.10562916826086,False
SYN_TARGET_CLEAN_PCA3_TARGET_HYB_0003,CLEAN_PCA3_TARGET_HYB,target,10.0,169.59673306549647,30.796707002140646,31.89109460777495,CONCORDANT,31.343900804957798,26.513467689159953,False
SYN_TARGET_CLEAN_PCA3_TARGET_HYB_0004,CLEAN_PCA3_TARGET_HYB,target,10.0,81.13035179557242,3.387686902131732,5.620952613318682,CONCORDANT,4.504319757725207,3.309441772159334,False
SYN_TARGET_CLEAN_PCA3_TARGET_HYB_0005,CLEAN_PCA3_TARGET_HYB,target,40.0,126.90575040487745,-191.59032264687914,-192.2498316184835,CONCORDANT,-191.92007713268134,-194.06834422471925,False
SYN_TARGET_CLEAN_PCA3_TARGET_HYB_0006,CLEAN_PCA3_TARGET_HYB,target,1.0,120.96190468775082,-32.96803976155397,-26.510817796542696,CONCORDANT,-29.739428779048332,-31.869363622227716,False
SYN_TARGET_CLEAN_PCA3_TARGET_HYB_0007,CLEAN_PCA3_TARGET_HYB,target,10.0,175.48628485618215,83.39554500165855,81.96375340146332,CONCORDANT,82.67964920156093,86.29011193850576,False
SYN_TARGET_CLEAN_PCA3_TARGET_HYB_0008,CLEAN_PCA3_TARGET_HYB,target,10.0,184.37072527639697,115.41425760168883,117.7172085052275,CONCORDANT,116.56573305345816,118.52706652841695,False
SYN_TARGET_CLEAN_PCA3_TARGET_HYB_0009,CLEAN_PCA3_TARGET_HYB,target,40.0,137.58438966368809,94.41482449422378,95.48082715774464,CONCORDANT,94.94782582598421,91.20537185731624,False
SYN_TARGET_CLEAN_PCA3_TARGET_HYB_0010,CLEAN_PCA3_TARGET_HYB,target,10.0,150.58586208898737,-2.626507248179106,-2.9253759170339144,CONCORDANT,-2.77594158260651,-2.5641245674521227,False
SYN_TARGET_CLEAN_PCA3_TARGET_HYB_0011,CLEAN_PCA3_TARGET_HYB,target,20.0,187.78630360630802,68.64361795856668,66.01303391325247,CONCORDANT,67.32832593590958,70.34552432017044,False
SYN_TARGET_CLEAN_PCA3_TARGET_HYB_0012,CLEAN_PCA3_TARGET_HYB,target,5.0,148.3269071220607,-63.53573166770979,-54.24206633318373,CONCORDANT,-58.888899000446756,-60.44993766139237,False
SYN_TARGET_CLEAN_PCA3_TARGET_HYB_0013,CLEAN_PCA3_TARGET_HYB,target,10.0,177.92439680438082,116.99619762567103,124.31317915052985,CONCORDANT,120.65468838810044,122.16866154277707,False
SYN_TARGET_CLEAN_PCA3_TARGET_HYB_0014,CLEAN_PCA3_TARGET_HYB,target,10.0,145.29609367293716,82.10873494962638,89.33422911599631,CONCORDANT,85.72148203281134,86.5754174313645,False
SYN_TARGET_CLEAN_PCA3_TARGET_HYB_0015,CLEAN_PCA3_TARGET_HYB,target,20.0,106.01584041636009,64.44314665290881,67.8527103917633,CONCORDANT,66.14792852233606,63.87830107117928,False
SYN_TARGET_CLEAN_PCA3_TARGET_HYB_0016,CLEAN_PCA3_TARGET_HYB,target,10.0,228.09428326638064,59.187681461512994,52.926685718216895,CONCORDANT,56.05718358986495,53.96973682577581,False
SYN_TARGET_CLEAN_PCA3_TARGET_HYB_0017,CLEAN_PCA3_TARGET_HYB,target,10.0,150.74483874438033,-12.596928080113186,-6.113568760483878,DIVERGENT_REPLICATES,,-11.767644709043056,False
SYN_TARGET_CLEAN_PCA3_TARGET_HYB_0018,CLEAN_PCA3_TARGET_HYB,target,0.5,144.21252959831403,-104.44187614876105,-101.86036072421595,CONCORDANT,-103.1511184364885,-104.08632276373982,False
SYN_TARGET_CLEAN_PCA3_TARGET_HYB_0019,CLEAN_PCA3_TARGET_HYB,target,20.0,174.56485847157776,103.55221750266827,104.92914520940096,CONCORDANT,104.24068135603461,105.04117962803579,False
SYN_TARGET_CLEAN_PCA3_TARGET_HYB_0020,CLEAN_PCA3_TARGET_HYB,target,5.0,197.48556823130966,-277.0102396008295,-280.22790089419664,CONCORDANT,-278.61907024751304,-275.8628805428997,False
SYN_TARGET_CLEAN_PCA3_TARGET_HYB_0021,CLEAN_PCA3_TARGET_HYB,target,10.0,153.3171441550563,62.339829358097994,59.11951681807508,CONCORDANT,60.729673088086535,61.815625487494174,False
SYN_TARGET_CLEAN_PCA3_TARGET_HYB_0022,CLEAN_PCA3_TARGET_HYB,target,40.0,169.36220900328732,46.89424912127876,44.04912188265539,CONCORDANT,45.47168550196707,44.26907353594003,False
SYN_TARGET_CLEAN_PCA3_TARGET_HYB_0023,CLEAN_PCA3_TARGET_HYB,target,10.0,181.44614936222257,-7.594777953301453,-8.209443404763658,CONCORDANT,-7.902110679032555,-8.559675628394732,False
SYN_TARGET_CLEAN_PCA3_TARGET_HYB_0024,CLEAN_PCA3_TARGET_HYB,target,5.0,138.51848502446677,-79.93015391741439,-79.10873997124477,CONCORDANT,-79.51944694432959,-79.46973061631576,False
SYN_TARGET_CLEAN_PCA3_TARGET_HYB_0025,CLEAN_PCA3_TARGET_HYB,target,10.0,97.98194116688134,19.17414608448246,20.595124485760188,CONCORDANT,19.884635285121323,14.967512106200095,False
SYN_TARGET_CLEAN_PCA3_TARGET_HYB_0026,CLEAN_PCA3_TARGET_HYB,target,5.0,159.55199037250327,13.271852022359365,13.71935954476227,CONCORDANT,13.495605783560817,14.088596798123874,False
SYN_TARGET_CLEAN_PCA3_TARGET_HYB_0027,CLEAN_PCA3_TARGET_HYB,target,10.0,62.040309227900224,-12.472955324246886,-8.191906702300669,CONCORDANT,-10.332431013273776,-7.116598669378009,False
SYN_TARGET_CLEAN_PCA3_TARGET_HYB_0028,CLEAN_PCA3_TARGET_HYB,target,10.0,174.35207666770802,63.95019346486083,61.42123978561735,CONCORDANT,62.685716625239095,64.55810531150894,False
SYN_TARGET_CLEAN_PCA3_TARGET_HYB_0029,CLEAN_PCA3_TARGET_HYB,target,10.0,197.56000129476894,45.570771171708806,48.10339617176467,CONCORDANT,46.837083671736735,46.19500833321222,False
SYN_TARGET_CLEAN_PCA3_TARGET_HYB_0030,CLEAN_PCA3_TARGET_HYB,target,10.0,160.917507749313,106.88479484761031,111.01675667843607,CONCORDANT,108.95077576302319,115.86457748086696,False
SYN_TARGET_CLEAN_PCA3_TARGET_HYB_0031,CLEAN_PCA3_TARGET_HYB,target,20.0,158.42506340710815,87.79434984596759,87.95061633970444,CONCORDANT,87.872483092836,91.86695479988924,False
SYN_TARGET_CLEAN_PCA3_TARGET_HYB_0032,CLEAN_PCA3_TARGET_HYB,target,10.0,198.1588560088543,-9.72846315299941,-10.944361459628666,CONCORDANT,-10.336412306314038,-11.795157786794732,False
SYN_TARGET_CLEAN_PCA3_TARGET_HYB_0033,CLEAN_PCA3_TARGET_HYB,target,10.0,91.0353585517802,60.20971780267219,59.68467668986421,CONCORDANT,59.9471972462682,62.48472380813906,False
SYN_TARGET_CLEAN_PCA3_TARGET_HYB_0034,CLEAN_PCA3_TARGET_HYB,target,10.0,138.5925356576732,44.12383023134503,45.32985590541103,CONCORDANT,44.72684306837803,50.1602976048962,False
SYN_TARGET_CLEAN_PCA3_TARGET_HYB_0035,CLEAN_PCA3_TARGET_HYB,target,5.0,161.94756442213432,5.286859204902493,9.755603673620355,CONCORDANT,7.521231439261424,5.160197890961742,False
SYN_TARGET_CLEAN_PCA3_TARGET_HYB_0036,CLEAN_PCA3_TARGET_HYB,target,10.0,207.60023536993867,12.185413729367658,11.705663412767048,CONCORDANT,11.945538571067353,15.333457200336017,False
SYN_TARGET_CLEAN_PCA3_TARGET_HYB_0037,CLEAN_PCA3_TARGET_HYB,target,10.0,183.761668494928,60.60844278123146,67.95715617852935,CONCORDANT,64.2827994798804,59.525576763186294,False
SYN_TARGET_CLEAN_PCA3_TARGET_HYB_0038,CLEAN_PCA3_TARGET_HYB,target,10.0,87.70732126946407,-5.246743932630233,-3.924918362813816,CONCORDANT,-4.585831147722025,-2.274883136977516,False
SYN_TARGET_CLEAN_PCA3_TARGET_HYB_0039,CLEAN_PCA3_TARGET_HYB,target,20.0,121.27681774104866,20.960660367644643,21.997361866505425,CONCORDANT,21.479011117075032,20.898682922737883,False
SYN_TARGET_CLEAN_PCA3_TARGET_HYB_0040,CLEAN_PCA3_TARGET_HYB,target,10.0,235.32193942477403,14.93912389328038,13.622860483237488,CONCORDANT,14.280992188258935,11.782352105489366,False
SYN_TARGET_CLEAN_PCA3_TARGET_HYB_0041,CLEAN_PCA3_TARGET_HYB,target,10.0,176.9368580381127,-15.397078278074074,-19.972064466624477,CONCORDANT,-17.684571372349275,-19.643037244392296,False
SYN_TARGET_CLEAN_PCA3_TARGET_HYB_0042,CLEAN_PCA3_TARGET_HYB,target,10.0,169.53966453100838,-4.1792358470185,-5.667647019258595,CONCORDANT,-4.923441433138548,-6.3123222151662075,False
SYN_TARGET_CLEAN_PCA3_TARGET_HYB_0043,CLEAN_PCA3_TARGET_HYB,target,10.0,208.0986402038261,-9.255662672881042,-9.59168427737968,CONCORDANT,-9.42367347513036,-7.376021084046159,False
SYN_TARGET_CLEAN_PCA3_TARGET_HYB_0044,CLEAN_PCA3_TARGET_HYB,target,10.0,190.15124632323156,62.60494815857278,61.33002315946489,CONCORDANT,61.967485659018834,59.71557057302235,False
SYN_TARGET_CLEAN_PCA3_TARGET_HYB_0045,CLEAN_PCA3_TARGET_HYB,target,10.0,193.34469211927833,-7.427860409591209,-11.51961936981336,CONCORDANT,-9.473739889702285,-10.781231741667941,False
SYN_TARGET_CLEAN_PCA3_TARGET_HYB_0046,CLEAN_PCA3_TARGET_HYB,target,0.5,141.65704375847054,-45.33239877482906,-48.68478645829219,CONCORDANT,-47.00859261656062,-51.76980412488149,False
SYN_TARGET_CLEAN_PCA3_TARGET_HYB_0047,CLEAN_PCA3_TARGET_HYB,target,20.0,70.14681484165052,77.76108726939135,75.80583536734986,CONCORDANT,76.7834613183706,75.83435099306126,False
SYN_TARGET_CLEAN_PCA3_TARGET_HYB_0048,CLEAN_PCA3_TARGET_HYB,target,10.0,134.33965448112028,10.878030152317624,9.527829080401318,CONCORDANT,10.202929616359471,11.314415796464843,False
SYN_TARGET_CLEAN_PCA3_TARGET_HYB_0049,CLEAN_PCA3_TARGET_HYB,target,10.0,150.39511236399716,68.10274891212245,65.30686436053867,CONCORDANT,66.70480663633056,67.38051035324781,False
SYN_TARGET_CLEAN_PCA3_TARGET_HYB_0050,CLEAN_PCA3_TARGET_HYB,target,10.0,176.55596294861354,58.683802987317506,60.22238960807076,CONCORDANT,59.45309629769413,60.141875825610946,False
SYN_TARGET_CLEAN_PCA3_TARGET_HYB_0051,CLEAN_PCA3_TARGET_HYB,target,20.0,228.53485617753176,79.81323242284009,81.74329653285123,CONCORDANT,80.77826447784565,79.18637198568095,False
SYN_TARGET_CLEAN_PCA3_TARGET_HYB_0052,CLEAN_PCA3_TARGET_HYB,target,5.0,203.16591581172037,-50.66746121626084,-55.08686900080897,CONCORDANT,-52.8771651085349,-55.13300422469072,False
SYN_TARGET_CLEAN_PCA3_TARGET_HYB_0053,CLEAN_PCA3_TARGET_HYB,target,10.0,225.50175242732445,44.833526598698285,48.076212481210504,CONCORDANT,46.454869539954394,45.41930338901955,False
SYN_TARGET_CLEAN_PCA3_TARGET_HYB_0054,CLEAN_PCA3_TARGET_HYB,target,5.0,168.0854510230859,60.72738464082781,57.358341159430616,CONCORDANT,59.04286290012921,55.493480246533494,False
SYN_TARGET_CLEAN_PCA3_TARGET_HYB_0055,CLEAN_PCA3_TARGET_HYB,target,10.0,182.91188257092108,42.69534238244202,43.07412661031753,CONCORDANT,42.88473449637978,41.66856453946899,False
SYN_TARGET_CLEAN_PCA3_TARGET_HYB_0056,CLEAN_PCA3_TARGET_HYB,target,5.0,175.40426357976546,-1.3617379762194433,-4.504573100073316,DIVERGENT_REPLICATES,,-3.175089411272495,False
SYN_TARGET_CLEAN_PCA3_TARGET_HYB_0057,CLEAN_PCA3_TARGET_HYB,target,10.0,140.67757577547647,64.82568922376203,61.214226694075045,CONCORDANT,63.01995795891854,61.69158048741036,False
SYN_TARGET_CLEAN_PCA3_TARGET_HYB_0058,CLEAN_PCA3_TARGET_HYB,target,10.0,167.23095796081532,-210.300960664742,-213.42417848232103,CONCORDANT,-211.86256957353152,-210.8332511014748,False
SYN_TARGET_CLEAN_PCA3_TARGET_HYB_0059,CLEAN_PCA3_TARGET_HYB,target,20.0,177.47173218130004,28.42260484661578,30.258281372224364,CONCORDANT,29.34044310942007,26.709310302239924,False
SYN_TARGET_CLEAN_PCA3_TARGET_HYB_0060,CLEAN_PCA3_TARGET_HYB,target,10.0,205.11047665688807,1.792558301432264,0.20454039708890476,DIVERGENT_REPLICATES,,2.9969222748032562,False
SYN_TARGET_CLEAN_PCA3_TARGET_HYB_0061,CLEAN_PCA3_TARGET_HYB,target,40.0,111.3645267713408,23.73422985831244,23.329233585203298,CONCORDANT,23.53173172175787,23.980650243679428,False
SYN_TARGET_CLEAN_PCA3_TARGET_HYB_0062,CLEAN_PCA3_TARGET_HYB,target,10.0,155.53922983991606,-12.144769228813267,-14.514646843208943,CONCORDANT,-13.329708036011105,-14.098881820807005,False
SYN_TARGET_CLEAN_PCA3_TARGET_HYB_0063,CLEAN_PCA3_TARGET_HYB,target,5.0,184.49750623048277,21.35299663472097,23.47620775190441,CONCORDANT,22.41460219331269,24.41947288400325,False
SYN_TARGET_CLEAN_PCA3_TARGET_HYB_0064,CLEAN_PCA3_TARGET_HYB,target,10.0,68.5511242810503,43.52070434876625,49.83388458603936,CONCORDANT,46.6772944674028,44.16899263936045,False
SYN_TARGET_CLEAN_PCA3_TARGET_HYB_0065,CLEAN_PCA3_TARGET_HYB,target,20.0,162.01125205923387,35.13798020784421,34.553228383457125,CONCORDANT,34.845604295650666,32.43054763954599,False
SYN_TARGET_CLEAN_PCA3_TARGET_HYB_0066,CLEAN_PCA3_TARGET_HYB,target,10.0,130.6487717069515,122.98114403819437,124.24547343265404,CONCORDANT,123.6133087354242,120.98398104475282,False
SYN_TARGET_CLEAN_PCA3_TARGET_HYB_0067,CLEAN_PCA3_TARGET_HYB,target,20.0,149.64663846333806,130.69747050938582,124.56963695589612,CONCORDANT,127.63355373264096,132.2357576568731,False
SYN_TARGET_CLEAN_PCA3_TARGET_HYB_0068,CLEAN_PCA3_TARGET_HYB,target,10.0,141.2425319733648,54.36251827861497,54.59712178902329,CONCORDANT,54.47982003381913,52.380986126609855,False
SYN_TARGET_CLEAN_PCA3_TARGET_HYB_0069,CLEAN_PCA3_TARGET_HYB,target,10.0,67.7365013847752,59.43227591108505,63.842458331605464,CONCORDANT,61.63736712134526,62.45877778351506,False
SYN_TARGET_CLEAN_PCA3_TARGET_HYB_0070,CLEAN_PCA3_TARGET_HYB,target,10.0,97.67570717509233,108.99492337715408,111.68775365169711,CONCORDANT,110.34133851442559,106.07645513198625,False
SYN_TARGET_CLEAN_PCA3_TARGET_HYB_0071,CLEAN_PCA3_TARGET_HYB,target,10.0,203.23435715248556,-12.407428649707743,-14.795989173268323,CONCORDANT,-13.601708911488032,-15.18978786924363,False
SYN_TARGET_CLEAN_PCA3_TARGET_HYB_0072,CLEAN_PCA3_TARGET_HYB,target,10.0,119.81609666579534,114.36163582035176,116.32397640134413,CONCORDANT,115.34280611084795,115.12865068627906,False
SYN_TARGET_CLEAN_PCA3_TARGET_HYB_0073,CLEAN_PCA3_TARGET_HYB,target,10.0,155.96006658975847,14.234906679589,18.644461352451536,CONCORDANT,16.43968401602027,21.347934265399218,False
SYN_TARGET_CLEAN_PCA3_TARGET_HYB_0074,CLEAN_PCA3_TARGET_HYB,target,10.0,145.36670988980902,46.879793766022004,45.59939651764561,CONCORDANT,46.2395951418338,44.23979414307087,False
SYN_TARGET_CLEAN_PCA3_TARGET_HYB_0075,CLEAN_PCA3_TARGET_HYB,target,20.0,228.45487992062993,20.39088383265891,22.694100014092232,CONCORDANT,21.54249192337557,24.89557584371746,False
SYN_TARGET_CLEAN_PCA3_TARGET_HYB_0076,CLEAN_PCA3_TARGET_HYB,target,10.0,114.49517016887864,67.54971692097506,63.406508263013535,CONCORDANT,65.47811259199429,65.43218730749382,False
SYN_TARGET_CLEAN_PCA3_TARGET_HYB_0077,CLEAN_PCA3_TARGET_HYB,target,20.0,162.09708045192184,108.26069812882385,112.22958720757677,CONCORDANT,110.24514266820032,113.73535198366523,False
SYN_TARGET_CLEAN_PCA3_TARGET_HYB_0078,CLEAN_PCA3_TARGET_HYB,target,1.0,138.53493258675158,-101.83382854932047,-103.4807498216979,CONCORDANT,-102.65728918550919,-100.32494573779903,False
SYN_TARGET_CLEAN_PCA3_TARGET_HYB_0079,CLEAN_PCA3_TARGET_HYB,target,10.0,219.26671405253904,113.38972372634068,114.52526099795017,CONCORDANT,113.95749236214542,112.37379969684824,False
SYN_TARGET_CLEAN_PCA3_TARGET_HYB_0080,CLEAN_PCA3_TARGET_HYB,target,10.0,135.84322346508065,-5.039762825513423,-2.316405578511076,DIVERGENT_REPLICATES,,-3.482370093946697,False
SYN_TARGET_CLEAN_PCA3_TARGET_HYB_0081,CLEAN_PCA3_TARGET_HYB,target,10.0,145.60219901422755,76.91930764639736,79.9323489182543,CONCORDANT,78.42582828232582,78.34259900692216,False
SYN_TARGET_CLEAN_PCA3_TARGET_HYB_0082,CLEAN_PCA3_TARGET_HYB,target,10.0,163.84992548083883,48.823690641769005,48.865347955182365,CONCORDANT,48.84451929847569,50.24209702683078,False
SYN_TARGET_CLEAN_PCA3_TARGET_HYB_0083,CLEAN_PCA3_TARGET_HYB,target,10.0,179.1265282931205,67.206220511574,70.7641659497205,CONCORDANT,68.98519323064725,68.75729623068013,False
SYN_TARGET_CLEAN_PCA3_TARGET_HYB_0084,CLEAN_PCA3_TARGET_HYB,target,40.0,166.70343780627613,30.36401815699575,32.730469852612806,CONCORDANT,31.547244004804277,30.015939966853132,False
SYN_TARGET_CLEAN_PCA3_TARGET_HYB_0085,CLEAN_PCA3_TARGET_HYB,target,10.0,97.78440967286946,8.64758231914108,13.981105497332782,CONCORDANT,11.314343908236932,14.198519406377027,False
SYN_TARGET_CLEAN_PCA3_TARGET_HYB_0086,CLEAN_PCA3_TARGET_HYB,target,10.0,172.64438469697788,34.33998773419526,38.162522355618606,CONCORDANT,36.251255044906934,35.52462405539491,False
SYN_TARGET_CLEAN_PCA3_TARGET_HYB_0087,CLEAN_PCA3_TARGET_HYB,target,10.0,153.52202062777184,58.39708990615123,60.06016192814771,CONCORDANT,59.22862591714947,58.614973708883326,False
SYN_TARGET_CLEAN_PCA3_TARGET_HYB_0088,CLEAN_PCA3_TARGET_HYB,target,10.0,92.26838267298334,-203.74705415266706,-204.85456849237107,CONCORDANT,-204.30081132251905,-207.80780448334116,False
SYN_TARGET_CLEAN_PCA3_TARGET_HYB_0089,CLEAN_PCA3_TARGET_HYB,target,5.0,187.76710470806398,20.211562352614813,25.00560780775637,CONCORDANT,22.60858508018559,20.735174964689776,False
SYN_TARGET_CLEAN_PCA3_TARGET_HYB_0090,CLEAN_PCA3_TARGET_HYB,target,10.0,177.06732326591973,59.3323833020403,58.19873458634755,CONCORDANT,58.76555894419393,59.14563735097629,False
SYN_TARGET_CLEAN_PCA3_TARGET_HYB_0091,CLEAN_PCA3_TARGET_HYB,target,10.0,105.93081662439373,46.95521846595903,44.445565117081514,CONCORDANT,45.700391791520275,44.6826295331873,False
SYN_TARGET_CLEAN_PCA3_TARGET_HYB_0092,CLEAN_PCA3_TARGET_HYB,target,40.0,207.63167503635748,29.221877127203875,25.273991013284967,CONCORDANT,27.24793407024442,26.81392139069925,False
SYN_TARGET_CLEAN_PCA3_TARGET_HYB_0093,CLEAN_PCA3_TARGET_HYB,target,1.0,148.0002131673049,-4.605580238681203,-0.6196557399786928,DIVERGENT_REPLICATES,,-3.63940403371845,False
SYN_TARGET_CLEAN_PCA3_TARGET_HYB_0094,CLEAN_PCA3_TARGET_HYB,target,10.0,148.44724967594883,120.53634403068227,111.13689730166236,CONCORDANT,115.83662066617231,116.50093794801424,False
SYN_TARGET_CLEAN_PCA3_TARGET_HYB_0095,CLEAN_PCA3_TARGET_HYB,target,10.0,168.43658860512994,64.2804129221501,68.51771019770963,CONCORDANT,66.39906155992986,67.18250474090124,False
SYN_TARGET_CLEAN_PCA3_TARGET_HYB_0096,CLEAN_PCA3_TARGET_HYB,target,10.0,115.51068481277156,-6.290942261951517,-2.0470428366520963,DIVERGENT_REPLICATES,,-4.124795993018559,False
SYN_TARGET_CLEAN_PCA3_TARGET_HYB_0097,CLEAN_PCA3_TARGET_HYB,target,10.0,179.5730652626624,-14.95280888354428,-18.821601669357072,CONCORDANT,-16.887205276450675,-16.567583808824942,False
SYN_TARGET_CLEAN_PCA3_TARGET_HYB_0098,CLEAN_PCA3_TARGET_HYB,target,10.0,181.691950852815,58.27687078694471,52.646645337906655,CONCORDANT,55.46175806242569,54.84433667053429,False
SYN_TARGET_CLEAN_PCA3_TARGET_HYB_0099,CLEAN_PCA3_TARGET_HYB,target,10.0,244.85608456870867,59.272384837799585,58.15220743885194,CONCORDANT,58.71229613832576,62.03654039408164,False
SYN_TARGET_BACKGROUND_SOUP_0000_FORCED_DIVERGENT,BACKGROUND_SOUP,target,10.0,154.34387693552648,15.047939622127112,-0.10751785003300697,DIVERGENT_REPLICATES,,-20.693521868301875,True
SYN_TARGET_BACKGROUND_SOUP_0001_FORCED_DIVERGENT,BACKGROUND_SOUP,target,10.0,139.18562318010962,7.280095251455977,-0.06169792099700554,DIVERGENT_REPLICATES,,43.660234751242136,True
SYN_TARGET_BACKGROUND_SOUP_0002,BACKGROUND_SOUP,target,5.0,149.288575890833,13.491291564051515,11.904703017052613,CONCORDANT,12.697997290552063,19.2403606429356,False
SYN_TARGET_BACKGROUND_SOUP_0003,BACKGROUND_SOUP,target,10.0,68.91920045364276,13.8350993309271,16.196703290426335,CONCORDANT,15.015901310676718,25.728628263066348,False
SYN_TARGET_BACKGROUND_SOUP_0004,BACKGROUND_SOUP,target,0.5,108.70407106250978,10.723637906122697,14.685721168861551,CONCORDANT,12.704679537492124,18.178549465346364,False
SYN_TARGET_BACKGROUND_SOUP_0005,BACKGROUND_SOUP,target,5.0,176.62241310648847,0.3273313480228752,2.3246368108039834,DIVERGENT_REPLICATES,,2.2935553396061104,False
SYN_TARGET_BACKGROUND_SOUP_0006,BACKGROUND_SOUP,target,10.0,231.5441914062218,-4.2856408507348345,-2.948334604099179,CONCORDANT,-3.6169877274170066,-7.562184079837298,False
SYN_TARGET_BACKGROUND_SOUP_0007,BACKGROUND_SOUP,target,10.0,178.3324953158027,1.4071342597020782,3.99903789434102,DIVERGENT_REPLICATES,,2.3570742879113977,False
SYN_TARGET_BACKGROUND_SOUP_0008,BACKGROUND_SOUP,target,1.0,168.63590747897692,9.15519175513791,9.686529662982183,CONCORDANT,9.420860709060047,12.644582218983226,False
SYN_TARGET_BACKGROUND_SOUP_0009,BACKGROUND_SOUP,target,40.0,120.63008707881215,15.673433093985402,17.437638241343116,CONCORDANT,16.55553566766426,23.833283731831358,False
SYN_TARGET_BACKGROUND_SOUP_0010,BACKGROUND_SOUP,target,10.0,204.4647633079806,13.709817614158135,13.504828792770434,CONCORDANT,13.607323203464285,24.628853853621386,False
SYN_TARGET_BACKGROUND_SOUP_0011,BACKGROUND_SOUP,target,10.0,226.84682556255555,17.725975736786868,17.52170861365373,CONCORDANT,17.623842175220297,28.239704451404915,False
SYN_TARGET_BACKGROUND_SOUP_0012,BACKGROUND_SOUP,target,5.0,214.37908499385858,14.439190538019004,14.293369312523817,CONCORDANT,14.36627992527141,22.64949077432142,False
SYN_TARGET_BACKGROUND_SOUP_0013,BACKGROUND_SOUP,target,10.0,235.2984838297539,14.324798162437318,15.172298634015688,CONCORDANT,14.748548398226504,23.2449100915627,False
SYN_TARGET_BACKGROUND_SOUP_0014,BACKGROUND_SOUP,target,10.0,67.59040676417993,17.285215143061272,13.546293742216452,CONCORDANT,15.415754442638862,19.148208313360367,False
SYN_TARGET_BACKGROUND_SOUP_0015,BACKGROUND_SOUP,target,10.0,165.64316512317032,13.167989737917413,14.01185600040413,CONCORDANT,13.589922869160771,22.02958941627805,False
SYN_TARGET_BACKGROUND_SOUP_0016,BACKGROUND_SOUP,target,40.0,141.7295492124564,14.004341674071888,15.636527027064357,CONCORDANT,14.820434350568123,24.60829036001647,False
SYN_TARGET_BACKGROUND_SOUP_0017,BACKGROUND_SOUP,target,10.0,178.43604078916132,17.251475361620553,16.57730563004646,CONCORDANT,16.91439049583351,24.211278168253354,False
SYN_TARGET_BACKGROUND_SOUP_0018,BACKGROUND_SOUP,target,20.0,232.4084063767263,2.6128001185675904,3.2687128009074087,CONCORDANT,2.9407564597374996,5.285759095297695,False
SYN_TARGET_BACKGROUND_SOUP_0019,BACKGROUND_SOUP,target,10.0,164.31691343717404,11.280576658275233,12.537969663375716,CONCORDANT,11.909273160825474,21.446050142967334,False
SYN_TARGET_BACKGROUND_SOUP_0020,BACKGROUND_SOUP,target,40.0,218.44453016687257,3.4340427399977576,4.948103311881617,CONCORDANT,4.191073025939687,6.988600517777654,False
SYN_TARGET_BACKGROUND_SOUP_0021,BACKGROUND_SOUP,target,10.0,148.9909828169131,2.9821724155558145,1.0130877040842847,DIVERGENT_REPLICATES,,1.354338763169972,False
SYN_TARGET_BACKGROUND_SOUP_0022,BACKGROUND_SOUP,target,10.0,215.6086439042188,-0.7980766382713855,0.383836658248312,DIVERGENT_REPLICATES,,0.3149717617600313,False
SYN_TARGET_BACKGROUND_SOUP_0023,BACKGROUND_SOUP,target,10.0,136.89900884969333,12.739320916992263,12.961435607340887,CONCORDANT,12.850378262166576,16.80404430551523,False
SYN_TARGET_BACKGROUND_SOUP_0024,BACKGROUND_SOUP,target,10.0,227.41198116021195,2.597255353331959,0.03495103431701704,DIVERGENT_REPLICATES,,2.333242783082786,False
SYN_TARGET_BACKGROUND_SOUP_0025,BACKGROUND_SOUP,target,5.0,135.55526177253802,13.704639745447844,13.63721603931029,CONCORDANT,13.670927892379067,24.2779555034993,False
SYN_TARGET_BACKGROUND_SOUP_0026,BACKGROUND_SOUP,target,10.0,120.22527357287733,-1.7681736649150417,1.8534995004500874,DIVERGENT_REPLICATES,,0.15259233198074296,False
SYN_TARGET_BACKGROUND_SOUP_0027,BACKGROUND_SOUP,target,5.0,184.54301825878863,13.621297472463443,14.904380859275769,CONCORDANT,14.262839165869606,21.99854054095303,False
SYN_TARGET_BACKGROUND_SOUP_0028,BACKGROUND_SOUP,target,20.0,75.78374393601331,15.92548933692661,15.768154431750883,CONCORDANT,15.846821884338747,23.505716771444625,False
SYN_TARGET_BACKGROUND_SOUP_0029,BACKGROUND_SOUP,target,10.0,81.23337438827738,14.429217775717223,13.980551135585028,CONCORDANT,14.204884455651126,21.61643006445911,False
SYN_TARGET_BACKGROUND_SOUP_0030,BACKGROUND_SOUP,target,40.0,167.2210843274004,14.118635061513233,15.27854329157216,CONCORDANT,14.698589176542697,24.29531307184817,False
SYN_TARGET_BACKGROUND_SOUP_0031,BACKGROUND_SOUP,target,10.0,150.31808737799406,1.1312366616172393,0.6764278037847704,CONCORDANT,0.9038322327010049,-0.525544031058613,False
SYN_TARGET_BACKGROUND_SOUP_0032,BACKGROUND_SOUP,target,10.0,165.14495272406262,16.84031436406154,16.09034591077903,CONCORDANT,16.465330137420285,24.102698923631294,False
SYN_TARGET_BACKGROUND_SOUP_0033,BACKGROUND_SOUP,target,10.0,166.27283149861373,0.2424130303385127,2.317676502090003,DIVERGENT_REPLICATES,,2.092978269209727,False
SYN_TARGET_BACKGROUND_SOUP_0034,BACKGROUND_SOUP,target,10.0,172.4593118181244,15.24830956485464,15.305020703052318,CONCORDANT,15.276665133953479,23.191656012695383,False
SYN_TARGET_BACKGROUND_SOUP_0035,BACKGROUND_SOUP,target,10.0,145.9933380759566,1.5153766661006587,7.21976883389022,DIVERGENT_REPLICATES,,7.4210131088584586,False
SYN_TARGET_BACKGROUND_SOUP_0036,BACKGROUND_SOUP,target,10.0,82.06314231843413,18.355614547750427,16.239597664551074,CONCORDANT,17.297606106150752,24.1859573571205,False
SYN_TARGET_BACKGROUND_SOUP_0037,BACKGROUND_SOUP,target,10.0,108.73352845358741,2.2955646805413594,-2.307434888697338,DIVERGENT_REPLICATES,,-0.36992097217729536,False
SYN_TARGET_BACKGROUND_SOUP_0038,BACKGROUND_SOUP,target,40.0,78.04920842647414,14.854139148211331,14.41101702238801,CONCORDANT,14.63257808529967,20.321498714718373,False
SYN_TARGET_BACKGROUND_SOUP_0039,BACKGROUND_SOUP,target,5.0,158.80459595805763,17.989185316219828,13.523850871182816,CONCORDANT,15.756518093701322,22.487309910732144,False
SYN_TARGET_BACKGROUND_SOUP_0040,BACKGROUND_SOUP,target,10.0,170.34715946105655,4.833614270985246,4.554403340676017,CONCORDANT,4.694008805830631,6.81487213790211,False
SYN_TARGET_BACKGROUND_SOUP_0041,BACKGROUND_SOUP,target,10.0,78.66258699337529,-6.812101106843836,-3.7850092526384165,CONCORDANT,-5.298555179741126,-4.882588128018399,False
SYN_TARGET_BACKGROUND_SOUP_0042,BACKGROUND_SOUP,target,10.0,156.73038291112877,2.9418378604889823,1.5007725822006366,CONCORDANT,2.2213052213448092,0.30265034979188055,False
SYN_TARGET_BACKGROUND_SOUP_0043,BACKGROUND_SOUP,target,40.0,199.7636356237394,13.793494548690136,10.217810570259415,CONCORDANT,12.005652559474775,18.293557157656775,False
SYN_TARGET_BACKGROUND_SOUP_0044,BACKGROUND_SOUP,target,10.0,184.88683183889106,5.99400296432275,1.1703080214983732,DIVERGENT_REPLICATES,,3.6006641133446298,False
SYN_TARGET_BACKGROUND_SOUP_0045,BACKGROUND_SOUP,target,10.0,119.26077203157644,11.299112005539284,9.771621641918394,CONCORDANT,10.53536682372884,19.930377962675752,False
SYN_TARGET_BACKGROUND_SOUP_0046,BACKGROUND_SOUP,target,10.0,155.81065132481385,13.954736424455623,11.389583710591193,CONCORDANT,12.672160067523407,21.08658004071301,False
SYN_TARGET_BACKGROUND_SOUP_0047,BACKGROUND_SOUP,target,0.5,57.181654509300564,-2.6964723442366614,-0.9447411190014038,DIVERGENT_REPLICATES,,-5.18389603780442,False
SYN_TARGET_BACKGROUND_SOUP_0048,BACKGROUND_SOUP,target,10.0,153.44558925635542,13.920446291092377,11.951011017056556,CONCORDANT,12.935728654074467,21.69755411943983,False
SYN_TARGET_BACKGROUND_SOUP_0049,BACKGROUND_SOUP,target,10.0,102.6136388461319,-0.3179544536060242,0.45204557105531046,DIVERGENT_REPLICATES,,1.4087668468356074,False
SYN_TARGET_BACKGROUND_SOUP_0050,BACKGROUND_SOUP,target,5.0,106.76203837812656,17.023073280578554,16.22773421396065,CONCORDANT,16.6254037472696,25.662281685599822,False
SYN_TARGET_BACKGROUND_SOUP_0051,BACKGROUND_SOUP,target,20.0,91.38904260515469,18.211461506759566,20.39527967722862,CONCORDANT,19.303370591994092,29.378092860526902,False
SYN_TARGET_BACKGROUND_SOUP_0052,BACKGROUND_SOUP,target,10.0,155.388685383192,13.390709466159391,10.343077224487129,CONCORDANT,11.866893345323259,23.138408240503615,False
SYN_TARGET_BACKGROUND_SOUP_0053,BACKGROUND_SOUP,target,10.0,206.07183313527895,3.6609125905122335,4.202669706077417,CONCORDANT,3.9317911482948253,7.348800662549498,False
SYN_TARGET_BACKGROUND_SOUP_0054,BACKGROUND_SOUP,target,10.0,160.7895580147995,15.269261207145233,12.255944736825697,CONCORDANT,13.762602971985466,22.8697036508677,False
